food_code,food_name_en,food_name_bn,food_group,meal_slots,role,pairs_with_groups,compatibility_score,notes
H001,Almond,কাঠবাদাম,Nuts and Oil Seeds,"breakfast,snack",supplementary,Milk and Milk Products|Fruits|Cereals and Millets|Sugars,0.8,Nuts - snack or mixed into breakfast dishes. Not typical with heavy lunch/dinner.
H005,Cashew nut,কাজু বাদাম,Nuts and Oil Seeds,"breakfast,snack",supplementary,Milk and Milk Products|Fruits|Cereals and Millets|Sugars,0.8,Nuts - snack or mixed into breakfast dishes. Not typical with heavy lunch/dinner.
H006,Coconut kernel dry,নারকেল,Nuts and Oil Seeds,"breakfast,snack",supplementary,Milk and Milk Products|Fruits|Cereals and Millets|Sugars,0.8,Nuts - snack or mixed into breakfast dishes. Not typical with heavy lunch/dinner.
H007,Coconut kernel fresh,ডাবের শাঁস,Nuts and Oil Seeds,"breakfast,snack",supplementary,Milk and Milk Products|Fruits|Cereals and Millets|Sugars,0.8,Nuts - snack or mixed into breakfast dishes. Not typical with heavy lunch/dinner.
H008,Garden cress seeds,হালিম দানা বা শাহীদানা,Nuts and Oil Seeds,"breakfast,snack",supplementary,Milk and Milk Products|Fruits|Cereals and Millets|Sugars,0.8,Nuts - snack or mixed into breakfast dishes. Not typical with heavy lunch/dinner.
H009,Gingelly seeds black,কালো তিল,Nuts and Oil Seeds,"breakfast,snack",supplementary,Milk and Milk Products|Fruits|Cereals and Millets|Sugars,0.8,Nuts - snack or mixed into breakfast dishes. Not typical with heavy lunch/dinner.
H010,Gingelly seeds brown,বাদামী তিল,Nuts and Oil Seeds,"breakfast,snack",supplementary,Milk and Milk Products|Fruits|Cereals and Millets|Sugars,0.8,Nuts - snack or mixed into breakfast dishes. Not typical with heavy lunch/dinner.
H011,Gingelly seeds white,সাদা তিল,Nuts and Oil Seeds,"breakfast,snack",supplementary,Milk and Milk Products|Fruits|Cereals and Millets|Sugars,0.8,Nuts - snack or mixed into breakfast dishes. Not typical with heavy lunch/dinner.
H012,Ground nut,চীনাবাদাম,Nuts and Oil Seeds,"breakfast,snack",supplementary,Milk and Milk Products|Fruits|Cereals and Millets|Sugars,0.8,Nuts - snack or mixed into breakfast dishes. Not typical with heavy lunch/dinner.
H013,Mustard seeds,সরিষার বীজ বা সর্ষে,Nuts and Oil Seeds,"breakfast,snack",supplementary,Milk and Milk Products|Fruits|Cereals and Millets|Sugars,0.8,Nuts - snack or mixed into breakfast dishes. Not typical with heavy lunch/dinner.
H014,Linseeds, তিসি ,Nuts and Oil Seeds,"breakfast,snack",supplementary,Milk and Milk Products|Fruits|Cereals and Millets|Sugars,0.8,Nuts - snack or mixed into breakfast dishes. Not typical with heavy lunch/dinner.
H016,Niger seeds grey,রামতিল,Nuts and Oil Seeds,"breakfast,snack",supplementary,Milk and Milk Products|Fruits|Cereals and Millets|Sugars,0.8,Nuts - snack or mixed into breakfast dishes. Not typical with heavy lunch/dinner.
H017,Pine seeds,পাইন নাট,Nuts and Oil Seeds,"breakfast,snack",supplementary,Milk and Milk Products|Fruits|Cereals and Millets|Sugars,0.8,Nuts - snack or mixed into breakfast dishes. Not typical with heavy lunch/dinner.
H018,Pistachio nuts,পেস্তা বাদাম,Nuts and Oil Seeds,"breakfast,snack",supplementary,Milk and Milk Products|Fruits|Cereals and Millets|Sugars,0.8,Nuts - snack or mixed into breakfast dishes. Not typical with heavy lunch/dinner.
H019,Safflower seeds,কুসুম ফুল,Nuts and Oil Seeds,"breakfast,snack",supplementary,Milk and Milk Products|Fruits|Cereals and Millets|Sugars,0.8,Nuts - snack or mixed into breakfast dishes. Not typical with heavy lunch/dinner.
H020,Sunflower seeds,সূর্যমুখী বীজ,Nuts and Oil Seeds,"breakfast,snack",supplementary,Milk and Milk Products|Fruits|Cereals and Millets|Sugars,0.8,Nuts - snack or mixed into breakfast dishes. Not typical with heavy lunch/dinner.
H021,Walnut,আখরোট,Nuts and Oil Seeds,"breakfast,snack",supplementary,Milk and Milk Products|Fruits|Cereals and Millets|Sugars,0.8,Nuts - snack or mixed into breakfast dishes. Not typical with heavy lunch/dinner.
I001,Jaggery cane,গুড়,Sugars,"breakfast,snack",condiment,Cereals and Millets|Milk and Milk Products|Nuts and Oil Seeds|Fruits,0.6,Jaggery/sugar - condiment or sweetener. Used in breakfast items or sweet snacks.
I002,Sugarcane juice,অখের রস,Sugars,"breakfast,snack",condiment,Cereals and Millets|Milk and Milk Products|Nuts and Oil Seeds|Fruits,0.6,Jaggery/sugar - condiment or sweetener. Used in breakfast items or sweet snacks.
J001,Button mushroom fresh,তাজা বোতাম মাশরুম,Mushrooms,"lunch,dinner",side,Cereals and Millets|Grain Legumes|Other Vegetables|Egg and Egg Products,0.7,Mushroom as vegetable curry - served with rice at lunch or dinner
J002,Chicken mushroom fresh,তাজা মুরগির মাংস এবং মাশরুম,Mushrooms,"lunch,dinner",side,Cereals and Millets|Grain Legumes|Other Vegetables|Egg and Egg Products,0.7,Mushroom as vegetable curry - served with rice at lunch or dinner
J003,Shiitake mushroom fresh,শিটাকে মাশরুম,Mushrooms,"lunch,dinner",side,Cereals and Millets|Grain Legumes|Other Vegetables|Egg and Egg Products,0.7,Mushroom as vegetable curry - served with rice at lunch or dinner
J004,Oyster mushroom dried,শুকনো ঝিনুক মাশরুম,Mushrooms,"lunch,dinner",side,Cereals and Millets|Grain Legumes|Other Vegetables|Egg and Egg Products,0.7,Mushroom as vegetable curry - served with rice at lunch or dinner
K001,Toddy,তাড়ি,Miscellaneous Foods,"snack,breakfast",supplementary,Fruits|Nuts and Oil Seeds,0.5,"Coconut water, toddy - occasional beverages, best as snack"
K002,Coconut water,ডাবের জল,Miscellaneous Foods,"snack,breakfast",supplementary,Fruits|Nuts and Oil Seeds,0.5,"Coconut water, toddy - occasional beverages, best as snack"
L001,Buffalo Milk,মহিষের দুধ,Milk and Milk Products,"breakfast,snack,all",supplementary,Cereals and Millets|Fruits|Nuts and Oil Seeds|Grain Legumes|Egg and Egg Products|Sugars,1.0,"Milk is supplementary with ALL meals. Doodh-ruti at breakfast, glass of milk any time."
L002,Cow Milk ,গরু দুধ,Milk and Milk Products,"breakfast,snack,all",supplementary,Cereals and Millets|Fruits|Nuts and Oil Seeds|Grain Legumes|Egg and Egg Products|Sugars,1.0,"Milk is supplementary with ALL meals. Doodh-ruti at breakfast, glass of milk any time."
L003,Paneer,পনির বা ছানা,Milk and Milk Products,"breakfast,snack,all",supplementary,Cereals and Millets|Fruits|Nuts and Oil Seeds|Grain Legumes|Egg and Egg Products|Sugars,1.0,"Milk is supplementary with ALL meals. Doodh-ruti at breakfast, glass of milk any time."
L004,Khoa,ঘন দুধ,Milk and Milk Products,"breakfast,snack,all",supplementary,Cereals and Millets|Fruits|Nuts and Oil Seeds|Grain Legumes|Egg and Egg Products|Sugars,1.0,"Milk is supplementary with ALL meals. Doodh-ruti at breakfast, glass of milk any time."
M001,Egg poultry whole,পোলট্রি মুরগির  ডিম ,Egg and Egg Products,"breakfast,lunch,dinner",main,Cereals and Millets|Grain Legumes|Green Leafy Vegetables|Other Vegetables|Roots and Tubers|Milk and Milk Products,1.0,"Eggs are universal - Roti+Egg at breakfast, Rice+Egg at any meal. Highly versatile."
M002,Egg poultry white,পোলট্রি মুরগির  ডিমের  শ্বেতাংশ,Egg and Egg Products,"breakfast,lunch,dinner",main,Cereals and Millets|Grain Legumes|Green Leafy Vegetables|Other Vegetables|Roots and Tubers|Milk and Milk Products,1.0,"Eggs are universal - Roti+Egg at breakfast, Rice+Egg at any meal. Highly versatile."
M003,Egg poultry yolk,পোলট্রি মুরগির  ডিমের কুসুম (কাঁচা ),Egg and Egg Products,"breakfast,lunch,dinner",main,Cereals and Millets|Grain Legumes|Green Leafy Vegetables|Other Vegetables|Roots and Tubers|Milk and Milk Products,1.0,"Eggs are universal - Roti+Egg at breakfast, Rice+Egg at any meal. Highly versatile."
M004,Egg poultry,পোলট্রি মুরগির  ডিম (সিদ্ধ),Egg and Egg Products,"breakfast,lunch,dinner",main,Cereals and Millets|Grain Legumes|Green Leafy Vegetables|Other Vegetables|Roots and Tubers|Milk and Milk Products,1.0,"Eggs are universal - Roti+Egg at breakfast, Rice+Egg at any meal. Highly versatile."
M005,Egg poultry white,পোলট্রি মুরগির  ডিমের শ্বেতাংশ,Egg and Egg Products,"breakfast,lunch,dinner",main,Cereals and Millets|Grain Legumes|Green Leafy Vegetables|Other Vegetables|Roots and Tubers|Milk and Milk Products,1.0,"Eggs are universal - Roti+Egg at breakfast, Rice+Egg at any meal. Highly versatile."
M006,Egg poultry yolk,পোলট্রি মুরগির  ডিমের কুসুম (সিদ্ধ),Egg and Egg Products,"breakfast,lunch,dinner",main,Cereals and Millets|Grain Legumes|Green Leafy Vegetables|Other Vegetables|Roots and Tubers|Milk and Milk Products,1.0,"Eggs are universal - Roti+Egg at breakfast, Rice+Egg at any meal. Highly versatile."
M007,Egg poultry omlet,পোলট্রি মুরগির ডিমের অমলেট,Egg and Egg Products,"breakfast,lunch,dinner",main,Cereals and Millets|Grain Legumes|Green Leafy Vegetables|Other Vegetables|Roots and Tubers|Milk and Milk Products,1.0,"Eggs are universal - Roti+Egg at breakfast, Rice+Egg at any meal. Highly versatile."
M008,Egg country hen,দেশি মুরগির ডিম,Egg and Egg Products,"breakfast,lunch,dinner",main,Cereals and Millets|Grain Legumes|Green Leafy Vegetables|Other Vegetables|Roots and Tubers|Milk and Milk Products,1.0,"Eggs are universal - Roti+Egg at breakfast, Rice+Egg at any meal. Highly versatile."
M009,Egg country hen,দেশি মুরগির ডিম (সিদ্ধ),Egg and Egg Products,"breakfast,lunch,dinner",main,Cereals and Millets|Grain Legumes|Green Leafy Vegetables|Other Vegetables|Roots and Tubers|Milk and Milk Products,1.0,"Eggs are universal - Roti+Egg at breakfast, Rice+Egg at any meal. Highly versatile."
M010,Egg country hen omlet,দেশি মুরগির ডিমের অমলেট,Egg and Egg Products,"breakfast,lunch,dinner",main,Cereals and Millets|Grain Legumes|Green Leafy Vegetables|Other Vegetables|Roots and Tubers|Milk and Milk Products,1.0,"Eggs are universal - Roti+Egg at breakfast, Rice+Egg at any meal. Highly versatile."
M011,Egg duck,হাঁসের ডিম (সিদ্ধ),Egg and Egg Products,"breakfast,lunch,dinner",main,Cereals and Millets|Grain Legumes|Green Leafy Vegetables|Other Vegetables|Roots and Tubers|Milk and Milk Products,1.0,"Eggs are universal - Roti+Egg at breakfast, Rice+Egg at any meal. Highly versatile."
M012,Egg duck,হাঁসের ডিম (কাঁচা ),Egg and Egg Products,"breakfast,lunch,dinner",main,Cereals and Millets|Grain Legumes|Green Leafy Vegetables|Other Vegetables|Roots and Tubers|Milk and Milk Products,1.0,"Eggs are universal - Roti+Egg at breakfast, Rice+Egg at any meal. Highly versatile."
M013,Egg duck  omlet,হাঁসের ডিমের অমলেট,Egg and Egg Products,"breakfast,lunch,dinner",main,Cereals and Millets|Grain Legumes|Green Leafy Vegetables|Other Vegetables|Roots and Tubers|Milk and Milk Products,1.0,"Eggs are universal - Roti+Egg at breakfast, Rice+Egg at any meal. Highly versatile."
M014,Egg quial,কোয়েল পাখির ডিম (কাঁচা ),Egg and Egg Products,"breakfast,lunch,dinner",main,Cereals and Millets|Grain Legumes|Green Leafy Vegetables|Other Vegetables|Roots and Tubers|Milk and Milk Products,1.0,"Eggs are universal - Roti+Egg at breakfast, Rice+Egg at any meal. Highly versatile."
M015,Egg Quial,কোয়েল পাখির ডিম (সিদ্ধ),Egg and Egg Products,"breakfast,lunch,dinner",main,Cereals and Millets|Grain Legumes|Green Leafy Vegetables|Other Vegetables|Roots and Tubers|Milk and Milk Products,1.0,"Eggs are universal - Roti+Egg at breakfast, Rice+Egg at any meal. Highly versatile."
N001,"Chicken, poultry, leg, skinless",মুরগির পা,Poultry,"lunch,dinner",main,Cereals and Millets|Grain Legumes|Green Leafy Vegetables|Other Vegetables|Roots and Tubers,1.0,Chicken/poultry curry - best at lunch or dinner with rice or roti
N002,"Chicken, poultry thigh",মুরগির রান,Poultry,"lunch,dinner",main,Cereals and Millets|Grain Legumes|Green Leafy Vegetables|Other Vegetables|Roots and Tubers,1.0,Chicken/poultry curry - best at lunch or dinner with rice or roti
N003,"Chicken, poultry breast",মুরগির  মাংস,Poultry,"lunch,dinner",main,Cereals and Millets|Grain Legumes|Green Leafy Vegetables|Other Vegetables|Roots and Tubers,1.0,Chicken/poultry curry - best at lunch or dinner with rice or roti
N004,Chicken poultry wing,মুরগির ডানা বা পাখা ,Poultry,"lunch,dinner",main,Cereals and Millets|Grain Legumes|Green Leafy Vegetables|Other Vegetables|Roots and Tubers,1.0,Chicken/poultry curry - best at lunch or dinner with rice or roti
N005,Poultry chicken liver,মুরগির কলিজা,Poultry,"lunch,dinner",main,Cereals and Millets|Grain Legumes|Green Leafy Vegetables|Other Vegetables|Roots and Tubers,1.0,Chicken/poultry curry - best at lunch or dinner with rice or roti
N006,Poultry chicken gizzard,মুরগির গিলা,Poultry,"lunch,dinner",main,Cereals and Millets|Grain Legumes|Green Leafy Vegetables|Other Vegetables|Roots and Tubers,1.0,Chicken/poultry curry - best at lunch or dinner with rice or roti
N007,Country hen leg,দেশি মুরগির পা,Poultry,"lunch,dinner",main,Cereals and Millets|Grain Legumes|Green Leafy Vegetables|Other Vegetables|Roots and Tubers,1.0,Chicken/poultry curry - best at lunch or dinner with rice or roti
N008,Country hen thigh,দেশি মুরগির রান,Poultry,"lunch,dinner",main,Cereals and Millets|Grain Legumes|Green Leafy Vegetables|Other Vegetables|Roots and Tubers,1.0,Chicken/poultry curry - best at lunch or dinner with rice or roti
N009,Country hen breast,দেশি মুরগির বুক,Poultry,"lunch,dinner",main,Cereals and Millets|Grain Legumes|Green Leafy Vegetables|Other Vegetables|Roots and Tubers,1.0,Chicken/poultry curry - best at lunch or dinner with rice or roti
N010,Country hen wing,দেশি মুরগির ডানা বা পাখা ,Poultry,"lunch,dinner",main,Cereals and Millets|Grain Legumes|Green Leafy Vegetables|Other Vegetables|Roots and Tubers,1.0,Chicken/poultry curry - best at lunch or dinner with rice or roti
N011,Duck meat,হাঁসের মাংস,Poultry,"lunch,dinner",main,Cereals and Millets|Grain Legumes|Green Leafy Vegetables|Other Vegetables|Roots and Tubers,1.0,Chicken/poultry curry - best at lunch or dinner with rice or roti
N012,Emu meat,এমু পাখির মাংস,Poultry,"lunch,dinner",main,Cereals and Millets|Grain Legumes|Green Leafy Vegetables|Other Vegetables|Roots and Tubers,1.0,Chicken/poultry curry - best at lunch or dinner with rice or roti
N013,Guinea fowl meat,তিতির মুরগির মাংস,Poultry,"lunch,dinner",main,Cereals and Millets|Grain Legumes|Green Leafy Vegetables|Other Vegetables|Roots and Tubers,1.0,Chicken/poultry curry - best at lunch or dinner with rice or roti
N014,Pigeon meat,কবুতরের মাংস,Poultry,"lunch,dinner",main,Cereals and Millets|Grain Legumes|Green Leafy Vegetables|Other Vegetables|Roots and Tubers,1.0,Chicken/poultry curry - best at lunch or dinner with rice or roti
N015,Quail meat,কোয়েল পাখির মাংস,Poultry,"lunch,dinner",main,Cereals and Millets|Grain Legumes|Green Leafy Vegetables|Other Vegetables|Roots and Tubers,1.0,Chicken/poultry curry - best at lunch or dinner with rice or roti
N016,Turkey leg,টার্কির পা,Poultry,"lunch,dinner",main,Cereals and Millets|Grain Legumes|Green Leafy Vegetables|Other Vegetables|Roots and Tubers,1.0,Chicken/poultry curry - best at lunch or dinner with rice or roti
N017,Turkey thigh,টার্কির রান,Poultry,"lunch,dinner",main,Cereals and Millets|Grain Legumes|Green Leafy Vegetables|Other Vegetables|Roots and Tubers,1.0,Chicken/poultry curry - best at lunch or dinner with rice or roti
N018,Turkey  breast,টার্কির  বুক ,Poultry,"lunch,dinner",main,Cereals and Millets|Grain Legumes|Green Leafy Vegetables|Other Vegetables|Roots and Tubers,1.0,Chicken/poultry curry - best at lunch or dinner with rice or roti
N019,Turkey  wing,টার্কির  ডানা ,Poultry,"lunch,dinner",main,Cereals and Millets|Grain Legumes|Green Leafy Vegetables|Other Vegetables|Roots and Tubers,1.0,Chicken/poultry curry - best at lunch or dinner with rice or roti
O001,"Goat, shoulder, meat",খাসির কাঁধ,Animal Meat,"lunch,dinner",main,Cereals and Millets|Grain Legumes|Green Leafy Vegetables|Other Vegetables|Roots and Tubers,1.0,"Beef/goat curry - heavy protein, best at lunch or dinner with rice"
O002,"Goat, chops",খাসির চাপ,Animal Meat,"lunch,dinner",main,Cereals and Millets|Grain Legumes|Green Leafy Vegetables|Other Vegetables|Roots and Tubers,1.0,"Beef/goat curry - heavy protein, best at lunch or dinner with rice"
O003,"Goat, legs",খাসির পা,Animal Meat,"lunch,dinner",main,Cereals and Millets|Grain Legumes|Green Leafy Vegetables|Other Vegetables|Roots and Tubers,1.0,"Beef/goat curry - heavy protein, best at lunch or dinner with rice"
O004,"Goat, brain",খাসির মগজ,Animal Meat,"lunch,dinner",main,Cereals and Millets|Grain Legumes|Green Leafy Vegetables|Other Vegetables|Roots and Tubers,1.0,"Beef/goat curry - heavy protein, best at lunch or dinner with rice"
O008,"Goat, liver",খাসির কলিজা,Animal Meat,"lunch,dinner",main,Cereals and Millets|Grain Legumes|Green Leafy Vegetables|Other Vegetables|Roots and Tubers,1.0,"Beef/goat curry - heavy protein, best at lunch or dinner with rice"
O009,"Goat, tripe",খাসির ভুরি,Animal Meat,"lunch,dinner",main,Cereals and Millets|Grain Legumes|Green Leafy Vegetables|Other Vegetables|Roots and Tubers,1.0,"Beef/goat curry - heavy protein, best at lunch or dinner with rice"
O014,"Sheep, shoulder",ভেড়ার কাঁধ,Animal Meat,"lunch,dinner",main,Cereals and Millets|Grain Legumes|Green Leafy Vegetables|Other Vegetables|Roots and Tubers,1.0,"Beef/goat curry - heavy protein, best at lunch or dinner with rice"
O015,"Sheep, chops",ভেড়ার চাপ,Animal Meat,"lunch,dinner",main,Cereals and Millets|Grain Legumes|Green Leafy Vegetables|Other Vegetables|Roots and Tubers,1.0,"Beef/goat curry - heavy protein, best at lunch or dinner with rice"
O016,"Sheep, leg",ভেড়ার পা,Animal Meat,"lunch,dinner",main,Cereals and Millets|Grain Legumes|Green Leafy Vegetables|Other Vegetables|Roots and Tubers,1.0,"Beef/goat curry - heavy protein, best at lunch or dinner with rice"
O017,"Sheep, brain",ভেড়ার মগজ,Animal Meat,"lunch,dinner",main,Cereals and Millets|Grain Legumes|Green Leafy Vegetables|Other Vegetables|Roots and Tubers,1.0,"Beef/goat curry - heavy protein, best at lunch or dinner with rice"
O021,"Sheep, liver",ভেড়ার কলিজা,Animal Meat,"lunch,dinner",main,Cereals and Millets|Grain Legumes|Green Leafy Vegetables|Other Vegetables|Roots and Tubers,1.0,"Beef/goat curry - heavy protein, best at lunch or dinner with rice"
O022,"Sheep, tripe",ভেড়ার ভুঁড়ি,Animal Meat,"lunch,dinner",main,Cereals and Millets|Grain Legumes|Green Leafy Vegetables|Other Vegetables|Roots and Tubers,1.0,"Beef/goat curry - heavy protein, best at lunch or dinner with rice"
O025,"Beef, shoulder",গরুর কাঁধ,Animal Meat,"lunch,dinner",main,Cereals and Millets|Grain Legumes|Green Leafy Vegetables|Other Vegetables|Roots and Tubers,1.0,"Beef/goat curry - heavy protein, best at lunch or dinner with rice"
O026,"Beef, chops",গরুর চাপ,Animal Meat,"lunch,dinner",main,Cereals and Millets|Grain Legumes|Green Leafy Vegetables|Other Vegetables|Roots and Tubers,1.0,"Beef/goat curry - heavy protein, best at lunch or dinner with rice"
O027,"Beef, round (leg)",গরুর রন,Animal Meat,"lunch,dinner",main,Cereals and Millets|Grain Legumes|Green Leafy Vegetables|Other Vegetables|Roots and Tubers,1.0,"Beef/goat curry - heavy protein, best at lunch or dinner with rice"
O028,"Beef, brain",গরুর মগজ,Animal Meat,"lunch,dinner",main,Cereals and Millets|Grain Legumes|Green Leafy Vegetables|Other Vegetables|Roots and Tubers,1.0,"Beef/goat curry - heavy protein, best at lunch or dinner with rice"
O032,"Beef, liver",গরুর কলিজা,Animal Meat,"lunch,dinner",main,Cereals and Millets|Grain Legumes|Green Leafy Vegetables|Other Vegetables|Roots and Tubers,1.0,"Beef/goat curry - heavy protein, best at lunch or dinner with rice"
O033,"Beef, tripe",গরুর ভুরি,Animal Meat,"lunch,dinner",main,Cereals and Millets|Grain Legumes|Green Leafy Vegetables|Other Vegetables|Roots and Tubers,1.0,"Beef/goat curry - heavy protein, best at lunch or dinner with rice"
P002,Aluva,কালো রূপচাঁদা,Marine Fish,"lunch,dinner",main,Cereals and Millets|Grain Legumes|Green Leafy Vegetables|Other Vegetables|Roots and Tubers,1.0,Fish curry - staple protein at lunch and dinner in Bangladesh
P003,Anchovy,কাচকি মাছ,Marine Fish,"lunch,dinner",main,Cereals and Millets|Grain Legumes|Green Leafy Vegetables|Other Vegetables|Roots and Tubers,1.0,Fish curry - staple protein at lunch and dinner in Bangladesh
P005,Betki,ভেটকি বা কোরাল মাছ,Marine Fish,"lunch,dinner",main,Cereals and Millets|Grain Legumes|Green Leafy Vegetables|Other Vegetables|Roots and Tubers,1.0,Fish curry - staple protein at lunch and dinner in Bangladesh
P006,Black snapper,কালো কোরাল,Marine Fish,"lunch,dinner",main,Cereals and Millets|Grain Legumes|Green Leafy Vegetables|Other Vegetables|Roots and Tubers,1.0,Fish curry - staple protein at lunch and dinner in Bangladesh
P007,Bombay duck, লইট্টা মাছ,Marine Fish,"lunch,dinner",main,Cereals and Millets|Grain Legumes|Green Leafy Vegetables|Other Vegetables|Roots and Tubers,1.0,Fish curry - staple protein at lunch and dinner in Bangladesh
P009,Cat fish,মাগুর মাছ,Marine Fish,"lunch,dinner",main,Cereals and Millets|Grain Legumes|Green Leafy Vegetables|Other Vegetables|Roots and Tubers,1.0,Fish curry - staple protein at lunch and dinner in Bangladesh
P010,Chakla,সাগর গজার,Marine Fish,"lunch,dinner",main,Cereals and Millets|Grain Legumes|Green Leafy Vegetables|Other Vegetables|Roots and Tubers,1.0,Fish curry - staple protein at lunch and dinner in Bangladesh
P011,Chappal,পটকা মাছ ,Marine Fish,"lunch,dinner",main,Cereals and Millets|Grain Legumes|Green Leafy Vegetables|Other Vegetables|Roots and Tubers,1.0,Fish curry - staple protein at lunch and dinner in Bangladesh
P012,Chelu,তোতা মাছ,Marine Fish,"lunch,dinner",main,Cereals and Millets|Grain Legumes|Green Leafy Vegetables|Other Vegetables|Roots and Tubers,1.0,Fish curry - staple protein at lunch and dinner in Bangladesh
P013,Chembali,লাল কোরাল,Marine Fish,"lunch,dinner",main,Cereals and Millets|Grain Legumes|Green Leafy Vegetables|Other Vegetables|Roots and Tubers,1.0,Fish curry - staple protein at lunch and dinner in Bangladesh
P017,Hilsa,ইলিশ মাছ,Marine Fish,"lunch,dinner",main,Cereals and Millets|Grain Legumes|Green Leafy Vegetables|Other Vegetables|Roots and Tubers,1.0,Fish curry - staple protein at lunch and dinner in Bangladesh
P018,Jallal,ট্যাংরা মাছ,Marine Fish,"lunch,dinner",main,Cereals and Millets|Grain Legumes|Green Leafy Vegetables|Other Vegetables|Roots and Tubers,1.0,Fish curry - staple protein at lunch and dinner in Bangladesh
P019,Jathi vela meen,কারুয়া কোরাল,Marine Fish,"lunch,dinner",main,Cereals and Millets|Grain Legumes|Green Leafy Vegetables|Other Vegetables|Roots and Tubers,1.0,Fish curry - staple protein at lunch and dinner in Bangladesh
P020,Kadal bral,কোবিয়া বা সাগর শোল,Marine Fish,"lunch,dinner",main,Cereals and Millets|Grain Legumes|Green Leafy Vegetables|Other Vegetables|Roots and Tubers,1.0,Fish curry - staple protein at lunch and dinner in Bangladesh
P021,Kadali,কদলি,Marine Fish,"lunch,dinner",main,Cereals and Millets|Grain Legumes|Green Leafy Vegetables|Other Vegetables|Roots and Tubers,1.0,Fish curry - staple protein at lunch and dinner in Bangladesh
P022,Kalamaara,তপসে মাছ,Marine Fish,"lunch,dinner",main,Cereals and Millets|Grain Legumes|Green Leafy Vegetables|Other Vegetables|Roots and Tubers,1.0,Fish curry - staple protein at lunch and dinner in Bangladesh
P028,Thunnus albacares,টুনা মাছ,Marine Fish,"lunch,dinner",main,Cereals and Millets|Grain Legumes|Green Leafy Vegetables|Other Vegetables|Roots and Tubers,1.0,Fish curry - staple protein at lunch and dinner in Bangladesh
P032,Kulam paarai,কোরাল মাছ,Marine Fish,"lunch,dinner",main,Cereals and Millets|Grain Legumes|Green Leafy Vegetables|Other Vegetables|Roots and Tubers,1.0,Fish curry - staple protein at lunch and dinner in Bangladesh
P033,Maagaa,টেপা মাছ ,Marine Fish,"lunch,dinner",main,Cereals and Millets|Grain Legumes|Green Leafy Vegetables|Other Vegetables|Roots and Tubers,1.0,Fish curry - staple protein at lunch and dinner in Bangladesh
P034,Mackerel,আইলা বা সুরমা মাছ,Marine Fish,"lunch,dinner",main,Cereals and Millets|Grain Legumes|Green Leafy Vegetables|Other Vegetables|Roots and Tubers,1.0,Fish curry - staple protein at lunch and dinner in Bangladesh
P038,Moon fish,চান্দা মাছ,Marine Fish,"lunch,dinner",main,Cereals and Millets|Grain Legumes|Green Leafy Vegetables|Other Vegetables|Roots and Tubers,1.0,Fish curry - staple protein at lunch and dinner in Bangladesh
P040,Hound Needlefish,বড় টুইট্টা মাছ,Marine Fish,"lunch,dinner",main,Cereals and Millets|Grain Legumes|Green Leafy Vegetables|Other Vegetables|Roots and Tubers,1.0,Fish curry - staple protein at lunch and dinner in Bangladesh
P041,Indo-Pacific sailfish,পাখি মাছ,Marine Fish,"lunch,dinner",main,Cereals and Millets|Grain Legumes|Green Leafy Vegetables|Other Vegetables|Roots and Tubers,1.0,Fish curry - staple protein at lunch and dinner in Bangladesh
P044,Blacktip Kingfish,মৌরি বা  পারা মাছ ,Marine Fish,"lunch,dinner",main,Cereals and Millets|Grain Legumes|Green Leafy Vegetables|Other Vegetables|Roots and Tubers,1.0,Fish curry - staple protein at lunch and dinner in Bangladesh
P046,Panna croaker,পোয়া মাছ,Marine Fish,"lunch,dinner",main,Cereals and Millets|Grain Legumes|Green Leafy Vegetables|Other Vegetables|Roots and Tubers,1.0,Fish curry - staple protein at lunch and dinner in Bangladesh
P047,Ribbon fish, ছুরি বা তরোয়াল মাছ,Marine Fish,"lunch,dinner",main,Cereals and Millets|Grain Legumes|Green Leafy Vegetables|Other Vegetables|Roots and Tubers,1.0,Fish curry - staple protein at lunch and dinner in Bangladesh
P048,Pandugappa,ভেটকি বা কোরাল মাছ,Marine Fish,"lunch,dinner",main,Cereals and Millets|Grain Legumes|Green Leafy Vegetables|Other Vegetables|Roots and Tubers,1.0,Fish curry - staple protein at lunch and dinner in Bangladesh
P049,False Trevally,নারকেলি মাছ,Marine Fish,"lunch,dinner",main,Cereals and Millets|Grain Legumes|Green Leafy Vegetables|Other Vegetables|Roots and Tubers,1.0,Fish curry - staple protein at lunch and dinner in Bangladesh
P051,Parrot fish,তোতা মাছ,Marine Fish,"lunch,dinner",main,Cereals and Millets|Grain Legumes|Green Leafy Vegetables|Other Vegetables|Roots and Tubers,1.0,Fish curry - staple protein at lunch and dinner in Bangladesh
P052,Perinkilichai, লাল মাছ,Marine Fish,"lunch,dinner",main,Cereals and Millets|Grain Legumes|Green Leafy Vegetables|Other Vegetables|Roots and Tubers,1.0,Fish curry - staple protein at lunch and dinner in Bangladesh
P057,Pomfret, রূপচাঁদা,Marine Fish,"lunch,dinner",main,Cereals and Millets|Grain Legumes|Green Leafy Vegetables|Other Vegetables|Roots and Tubers,1.0,Fish curry - staple protein at lunch and dinner in Bangladesh
P059,Pulli paarai,পুলি পাড়াই,Marine Fish,"lunch,dinner",main,Cereals and Millets|Grain Legumes|Green Leafy Vegetables|Other Vegetables|Roots and Tubers,1.0,Fish curry - staple protein at lunch and dinner in Bangladesh
P063,Rani,রানি মাছ,Marine Fish,"lunch,dinner",main,Cereals and Millets|Grain Legumes|Green Leafy Vegetables|Other Vegetables|Roots and Tubers,1.0,Fish curry - staple protein at lunch and dinner in Bangladesh
P068,Salmon,স্যালমন মাছ,Marine Fish,"lunch,dinner",main,Cereals and Millets|Grain Legumes|Green Leafy Vegetables|Other Vegetables|Roots and Tubers,1.0,Fish curry - staple protein at lunch and dinner in Bangladesh
P078,Silver carp,সিলভার কার্প,Marine Fish,"lunch,dinner",main,Cereals and Millets|Grain Legumes|Green Leafy Vegetables|Other Vegetables|Roots and Tubers,1.0,Fish curry - staple protein at lunch and dinner in Bangladesh
P079,Sole fish,বাঁশপাতা মাছ,Marine Fish,"lunch,dinner",main,Cereals and Millets|Grain Legumes|Green Leafy Vegetables|Other Vegetables|Roots and Tubers,1.0,Fish curry - staple protein at lunch and dinner in Bangladesh
P083,Telapia,তেলাপিয়া মাছ,Marine Fish,"lunch,dinner",main,Cereals and Millets|Grain Legumes|Green Leafy Vegetables|Other Vegetables|Roots and Tubers,1.0,Fish curry - staple protein at lunch and dinner in Bangladesh
P084,Tuna, টুনা মাছ,Marine Fish,"lunch,dinner",main,Cereals and Millets|Grain Legumes|Green Leafy Vegetables|Other Vegetables|Roots and Tubers,1.0,Fish curry - staple protein at lunch and dinner in Bangladesh
P090,Whale shark,তিমি হাঙ্গর,Marine Fish,"lunch,dinner",main,Cereals and Millets|Grain Legumes|Green Leafy Vegetables|Other Vegetables|Roots and Tubers,1.0,Fish curry - staple protein at lunch and dinner in Bangladesh
P092,Catfish Eggs,মাগুর মাছের ডিম,Marine Fish,"lunch,dinner",main,Cereals and Millets|Grain Legumes|Green Leafy Vegetables|Other Vegetables|Roots and Tubers,1.0,Fish curry - staple protein at lunch and dinner in Bangladesh
Q001,Crab,কাঁকড়া,Marine Shellfish,"lunch,dinner",main,Cereals and Millets|Grain Legumes|Green Leafy Vegetables|Other Vegetables,0.8,Shrimp/crab curry - pairs well with rice at lunch or dinner
Q002,Crab sea,সামুদ্রিক কাঁকড়া,Marine Shellfish,"lunch,dinner",main,Cereals and Millets|Grain Legumes|Green Leafy Vegetables|Other Vegetables,0.8,Shrimp/crab curry - pairs well with rice at lunch or dinner
Q004,"Lobster, king size",গোলদা চিংড়ি,Marine Shellfish,"lunch,dinner",main,Cereals and Millets|Grain Legumes|Green Leafy Vegetables|Other Vegetables,0.8,Shrimp/crab curry - pairs well with rice at lunch or dinner
Q005,Mud crab,শীলা কাঁকড়া,Marine Shellfish,"lunch,dinner",main,Cereals and Millets|Grain Legumes|Green Leafy Vegetables|Other Vegetables,0.8,Shrimp/crab curry - pairs well with rice at lunch or dinner
R002,"Clam, white shell, ribbed",ঝিনুক,Marine Mollusks,"lunch,dinner",side,Cereals and Millets|Green Leafy Vegetables|Other Vegetables,0.7,Less common - occasional side dish at lunch or dinner
R003,Octopus,অক্টোপাস,Marine Mollusks,"lunch,dinner",side,Cereals and Millets|Green Leafy Vegetables|Other Vegetables,0.7,Less common - occasional side dish at lunch or dinner
S001,Cat fish,মাগুর মাছ,Fresh Water Fish and Shellfish,"lunch,dinner",main,Cereals and Millets|Grain Legumes|Green Leafy Vegetables|Other Vegetables|Roots and Tubers,1.0,Freshwater fish - classic Bangladeshi protein with rice
S002,Catla,কাতল মাছ ,Fresh Water Fish and Shellfish,"lunch,dinner",main,Cereals and Millets|Grain Legumes|Green Leafy Vegetables|Other Vegetables|Roots and Tubers,1.0,Freshwater fish - classic Bangladeshi protein with rice
S003,Fresh water Eel,বাইম মাছ ,Fresh Water Fish and Shellfish,"lunch,dinner",main,Cereals and Millets|Grain Legumes|Green Leafy Vegetables|Other Vegetables|Roots and Tubers,1.0,Freshwater fish - classic Bangladeshi protein with rice
S004,Gold fish, গোল্ডফিশ,Fresh Water Fish and Shellfish,"lunch,dinner",main,Cereals and Millets|Grain Legumes|Green Leafy Vegetables|Other Vegetables|Roots and Tubers,1.0,Freshwater fish - classic Bangladeshi protein with rice
S005,Pangas,পাঙ্গাস মাছ ,Fresh Water Fish and Shellfish,"lunch,dinner",main,Cereals and Millets|Grain Legumes|Green Leafy Vegetables|Other Vegetables|Roots and Tubers,1.0,Freshwater fish - classic Bangladeshi protein with rice
S006,Rohu,রুই,Fresh Water Fish and Shellfish,"lunch,dinner",main,Cereals and Millets|Grain Legumes|Green Leafy Vegetables|Other Vegetables|Roots and Tubers,1.0,Freshwater fish - classic Bangladeshi protein with rice
S007,Crab,কাঁকড়া,Fresh Water Fish and Shellfish,"lunch,dinner",main,Cereals and Millets|Grain Legumes|Green Leafy Vegetables|Other Vegetables|Roots and Tubers,1.0,Freshwater fish - classic Bangladeshi protein with rice
S008,"Prawns, big",গলদা চিংড়ি,Fresh Water Fish and Shellfish,"lunch,dinner",main,Cereals and Millets|Grain Legumes|Green Leafy Vegetables|Other Vegetables|Roots and Tubers,1.0,Freshwater fish - classic Bangladeshi protein with rice
S009,"Prawns, small",ছোট চিংড়ি,Fresh Water Fish and Shellfish,"lunch,dinner",main,Cereals and Millets|Grain Legumes|Green Leafy Vegetables|Other Vegetables|Roots and Tubers,1.0,Freshwater fish - classic Bangladeshi protein with rice
S010,Tiger prawns,বাগদা চিংড়ি,Fresh Water Fish and Shellfish,"lunch,dinner",main,Cereals and Millets|Grain Legumes|Green Leafy Vegetables|Other Vegetables|Roots and Tubers,1.0,Freshwater fish - classic Bangladeshi protein with rice
T005,Groundnut oil,চিনাবাদাম তেল,Edible Oils and Fats,"breakfast,lunch,dinner",condiment,Cereals and Millets|Green Leafy Vegetables|Other Vegetables|Poultry|Animal Meat|Marine Fish,0.5,"Cooking oil - used in preparation of all meals, not standalone"
code,Barley,বার্লি,Cereals and Millets,"breakfast,lunch,dinner",main,Poultry|Animal Meat|Marine Fish|Fresh Water Fish and Shellfish|Grain Legumes|Green Leafy Vegetables|Other Vegetables|Roots and Tubers|Egg and Egg Products,1.0,Primary staple grain - forms the base of every Bangladeshi meal (Rice/Roti)
code,Maize dry,ভুট্টা,Cereals and Millets,"breakfast,lunch,dinner",main,Poultry|Animal Meat|Marine Fish|Fresh Water Fish and Shellfish|Grain Legumes|Green Leafy Vegetables|Other Vegetables|Roots and Tubers|Egg and Egg Products,1.0,Primary staple grain - forms the base of every Bangladeshi meal (Rice/Roti)
code,Maize tender local,ভুট্টা,Cereals and Millets,"breakfast,lunch,dinner",main,Poultry|Animal Meat|Marine Fish|Fresh Water Fish and Shellfish|Grain Legumes|Green Leafy Vegetables|Other Vegetables|Roots and Tubers|Egg and Egg Products,1.0,Primary staple grain - forms the base of every Bangladeshi meal (Rice/Roti)
code,Maize tender sweet,ভুট্টা,Cereals and Millets,"breakfast,lunch,dinner",main,Poultry|Animal Meat|Marine Fish|Fresh Water Fish and Shellfish|Grain Legumes|Green Leafy Vegetables|Other Vegetables|Roots and Tubers|Egg and Egg Products,1.0,Primary staple grain - forms the base of every Bangladeshi meal (Rice/Roti)
code,Rice flakes,"চিঁড়ে, চিড়া",Cereals and Millets,"breakfast,lunch,dinner",main,Poultry|Animal Meat|Marine Fish|Fresh Water Fish and Shellfish|Grain Legumes|Green Leafy Vegetables|Other Vegetables|Roots and Tubers|Egg and Egg Products,1.0,Primary staple grain - forms the base of every Bangladeshi meal (Rice/Roti)
code,Rice puffed,মুড়ি,Cereals and Millets,"breakfast,lunch,dinner",main,Poultry|Animal Meat|Marine Fish|Fresh Water Fish and Shellfish|Grain Legumes|Green Leafy Vegetables|Other Vegetables|Roots and Tubers|Egg and Egg Products,1.0,Primary staple grain - forms the base of every Bangladeshi meal (Rice/Roti)
code,Rice raw brown,ঢেঁকি ছাঁটা চাল,Cereals and Millets,"breakfast,lunch,dinner",main,Poultry|Animal Meat|Marine Fish|Fresh Water Fish and Shellfish|Grain Legumes|Green Leafy Vegetables|Other Vegetables|Roots and Tubers|Egg and Egg Products,1.0,Primary staple grain - forms the base of every Bangladeshi meal (Rice/Roti)
code,Rice parboiled milled,সিদ্ধ চাল,Cereals and Millets,"breakfast,lunch,dinner",main,Poultry|Animal Meat|Marine Fish|Fresh Water Fish and Shellfish|Grain Legumes|Green Leafy Vegetables|Other Vegetables|Roots and Tubers|Egg and Egg Products,1.0,Primary staple grain - forms the base of every Bangladeshi meal (Rice/Roti)
A015,Rice raw milled,আতপ চাল,Cereals and Millets,"breakfast,lunch,dinner",main,Poultry|Animal Meat|Marine Fish|Fresh Water Fish and Shellfish|Grain Legumes|Green Leafy Vegetables|Other Vegetables|Roots and Tubers|Egg and Egg Products,1.0,Primary staple grain - forms the base of every Bangladeshi meal (Rice/Roti)
A016,Samai,সেমাই,Cereals and Millets,"breakfast,lunch,dinner",main,Poultry|Animal Meat|Marine Fish|Fresh Water Fish and Shellfish|Grain Legumes|Green Leafy Vegetables|Other Vegetables|Roots and Tubers|Egg and Egg Products,1.0,Primary staple grain - forms the base of every Bangladeshi meal (Rice/Roti)
A018,Wheat flour refined,ময়দা,Cereals and Millets,"breakfast,lunch,dinner",main,Poultry|Animal Meat|Marine Fish|Fresh Water Fish and Shellfish|Grain Legumes|Green Leafy Vegetables|Other Vegetables|Roots and Tubers|Egg and Egg Products,1.0,Primary staple grain - forms the base of every Bangladeshi meal (Rice/Roti)
A019,Wheat flour atta,আটা,Cereals and Millets,"breakfast,lunch,dinner",main,Poultry|Animal Meat|Marine Fish|Fresh Water Fish and Shellfish|Grain Legumes|Green Leafy Vegetables|Other Vegetables|Roots and Tubers|Egg and Egg Products,1.0,Primary staple grain - forms the base of every Bangladeshi meal (Rice/Roti)
A020,Wheat whole,আস্ত গম,Cereals and Millets,"breakfast,lunch,dinner",main,Poultry|Animal Meat|Marine Fish|Fresh Water Fish and Shellfish|Grain Legumes|Green Leafy Vegetables|Other Vegetables|Roots and Tubers|Egg and Egg Products,1.0,Primary staple grain - forms the base of every Bangladeshi meal (Rice/Roti)
A022,Wheat semolina,সুজি,Cereals and Millets,"breakfast,lunch,dinner",main,Poultry|Animal Meat|Marine Fish|Fresh Water Fish and Shellfish|Grain Legumes|Green Leafy Vegetables|Other Vegetables|Roots and Tubers|Egg and Egg Products,1.0,Primary staple grain - forms the base of every Bangladeshi meal (Rice/Roti)
A023,Wheat vermicelli,সেমাই,Cereals and Millets,"breakfast,lunch,dinner",main,Poultry|Animal Meat|Marine Fish|Fresh Water Fish and Shellfish|Grain Legumes|Green Leafy Vegetables|Other Vegetables|Roots and Tubers|Egg and Egg Products,1.0,Primary staple grain - forms the base of every Bangladeshi meal (Rice/Roti)
A024,Wheat vermicelli roasted,সেমাই,Cereals and Millets,"breakfast,lunch,dinner",main,Poultry|Animal Meat|Marine Fish|Fresh Water Fish and Shellfish|Grain Legumes|Green Leafy Vegetables|Other Vegetables|Roots and Tubers|Egg and Egg Products,1.0,Primary staple grain - forms the base of every Bangladeshi meal (Rice/Roti)
B001,Bengal gram dal,ছোলার ডাল,Grain Legumes,"breakfast,lunch,dinner",side,Cereals and Millets|Roots and Tubers|Green Leafy Vegetables|Other Vegetables|Egg and Egg Products,0.9,"Dal is a universal side - eaten with rice at lunch/dinner, with roti at breakfast/dinner"
B002,Bengal gram whole,ছোলা,Grain Legumes,"breakfast,lunch,dinner",side,Cereals and Millets|Roots and Tubers|Green Leafy Vegetables|Other Vegetables|Egg and Egg Products,0.9,"Dal is a universal side - eaten with rice at lunch/dinner, with roti at breakfast/dinner"
B003,Black gram dal,বিউলির ডাল,Grain Legumes,"breakfast,lunch,dinner",side,Cereals and Millets|Roots and Tubers|Green Leafy Vegetables|Other Vegetables|Egg and Egg Products,0.9,"Dal is a universal side - eaten with rice at lunch/dinner, with roti at breakfast/dinner"
B004,Black gram whole,মাষকলাই,Grain Legumes,"breakfast,lunch,dinner",side,Cereals and Millets|Roots and Tubers|Green Leafy Vegetables|Other Vegetables|Egg and Egg Products,0.9,"Dal is a universal side - eaten with rice at lunch/dinner, with roti at breakfast/dinner"
B006,Cowpea ,বরবটি,Grain Legumes,"breakfast,lunch,dinner",side,Cereals and Millets|Roots and Tubers|Green Leafy Vegetables|Other Vegetables|Egg and Egg Products,0.9,"Dal is a universal side - eaten with rice at lunch/dinner, with roti at breakfast/dinner"
B009,Field bean,শিম,Grain Legumes,"breakfast,lunch,dinner",side,Cereals and Millets|Roots and Tubers|Green Leafy Vegetables|Other Vegetables|Egg and Egg Products,0.9,"Dal is a universal side - eaten with rice at lunch/dinner, with roti at breakfast/dinner"
B010,Green gram dal,সবুজ মুগ ডাল,Grain Legumes,"breakfast,lunch,dinner",side,Cereals and Millets|Roots and Tubers|Green Leafy Vegetables|Other Vegetables|Egg and Egg Products,0.9,"Dal is a universal side - eaten with rice at lunch/dinner, with roti at breakfast/dinner"
B012,Horse gram whole,কুলথি ডাল বা কুর্তি কলাই,Grain Legumes,"breakfast,lunch,dinner",side,Cereals and Millets|Roots and Tubers|Green Leafy Vegetables|Other Vegetables|Egg and Egg Products,0.9,"Dal is a universal side - eaten with rice at lunch/dinner, with roti at breakfast/dinner"
B013,Lentil dal,মসুর ডাল,Grain Legumes,"breakfast,lunch,dinner",side,Cereals and Millets|Roots and Tubers|Green Leafy Vegetables|Other Vegetables|Egg and Egg Products,0.9,"Dal is a universal side - eaten with rice at lunch/dinner, with roti at breakfast/dinner"
B014,Lentil whole brown,আস্ত মসুর ডাল ,Grain Legumes,"breakfast,lunch,dinner",side,Cereals and Millets|Roots and Tubers|Green Leafy Vegetables|Other Vegetables|Egg and Egg Products,0.9,"Dal is a universal side - eaten with rice at lunch/dinner, with roti at breakfast/dinner"
B015,Lentil whole yellowish,মুগ ডাল বা ছোলার ডাল,Grain Legumes,"breakfast,lunch,dinner",side,Cereals and Millets|Roots and Tubers|Green Leafy Vegetables|Other Vegetables|Egg and Egg Products,0.9,"Dal is a universal side - eaten with rice at lunch/dinner, with roti at breakfast/dinner"
B016,Moth bean,বনমুগ বা খেরি,Grain Legumes,"breakfast,lunch,dinner",side,Cereals and Millets|Roots and Tubers|Green Leafy Vegetables|Other Vegetables|Egg and Egg Products,0.9,"Dal is a universal side - eaten with rice at lunch/dinner, with roti at breakfast/dinner"
B017,Peas dry,শুকনো মটর,Grain Legumes,"breakfast,lunch,dinner",side,Cereals and Millets|Roots and Tubers|Green Leafy Vegetables|Other Vegetables|Egg and Egg Products,0.9,"Dal is a universal side - eaten with rice at lunch/dinner, with roti at breakfast/dinner"
B018,Rajmah black,কালো কিডনি বিন,Grain Legumes,"breakfast,lunch,dinner",side,Cereals and Millets|Roots and Tubers|Green Leafy Vegetables|Other Vegetables|Egg and Egg Products,0.9,"Dal is a universal side - eaten with rice at lunch/dinner, with roti at breakfast/dinner"
B019,Rajmah brown,বাদামী বা সাদা রাজমা,Grain Legumes,"breakfast,lunch,dinner",side,Cereals and Millets|Roots and Tubers|Green Leafy Vegetables|Other Vegetables|Egg and Egg Products,0.9,"Dal is a universal side - eaten with rice at lunch/dinner, with roti at breakfast/dinner"
B020,Rajmah red,লাল কিডনি বিন,Grain Legumes,"breakfast,lunch,dinner",side,Cereals and Millets|Roots and Tubers|Green Leafy Vegetables|Other Vegetables|Egg and Egg Products,0.9,"Dal is a universal side - eaten with rice at lunch/dinner, with roti at breakfast/dinner"
B022,Red gram whole,অড়হর ডাল,Grain Legumes,"breakfast,lunch,dinner",side,Cereals and Millets|Roots and Tubers|Green Leafy Vegetables|Other Vegetables|Egg and Egg Products,0.9,"Dal is a universal side - eaten with rice at lunch/dinner, with roti at breakfast/dinner"
B023,Ricebean,রাম কলাই বা গাইমুং,Grain Legumes,"breakfast,lunch,dinner",side,Cereals and Millets|Roots and Tubers|Green Leafy Vegetables|Other Vegetables|Egg and Egg Products,0.9,"Dal is a universal side - eaten with rice at lunch/dinner, with roti at breakfast/dinner"
B024,Soya bean brown,বাদামী সয়াবিন বা খয়েরি সয়াবিন,Grain Legumes,"breakfast,lunch,dinner",side,Cereals and Millets|Roots and Tubers|Green Leafy Vegetables|Other Vegetables|Egg and Egg Products,0.9,"Dal is a universal side - eaten with rice at lunch/dinner, with roti at breakfast/dinner"
B025,Soya bean white, সাদা সয়াবিন,Grain Legumes,"breakfast,lunch,dinner",side,Cereals and Millets|Roots and Tubers|Green Leafy Vegetables|Other Vegetables|Egg and Egg Products,0.9,"Dal is a universal side - eaten with rice at lunch/dinner, with roti at breakfast/dinner"
C003,Red Amaranth ,লাল শাঁক,Green Leafy Vegetables,"lunch,dinner",side,Cereals and Millets|Grain Legumes|Poultry|Animal Meat|Marine Fish|Fresh Water Fish and Shellfish|Egg and Egg Products,0.9,Shak (leafy greens) - eaten as a bhaji (stir-fry) alongside rice at lunch or dinner
C005,Green amaranth,ডাঁটা শাক,Green Leafy Vegetables,"lunch,dinner",side,Cereals and Millets|Grain Legumes|Poultry|Animal Meat|Marine Fish|Fresh Water Fish and Shellfish|Egg and Egg Products,0.9,Shak (leafy greens) - eaten as a bhaji (stir-fry) alongside rice at lunch or dinner
C006,Amaranth spinous leaves red and green,নটে শাক ,Green Leafy Vegetables,"lunch,dinner",side,Cereals and Millets|Grain Legumes|Poultry|Animal Meat|Marine Fish|Fresh Water Fish and Shellfish|Egg and Egg Products,0.9,Shak (leafy greens) - eaten as a bhaji (stir-fry) alongside rice at lunch or dinner
C007,Basella leaves,পুঁইশাক ,Green Leafy Vegetables,"lunch,dinner",side,Cereals and Millets|Grain Legumes|Poultry|Animal Meat|Marine Fish|Fresh Water Fish and Shellfish|Egg and Egg Products,0.9,Shak (leafy greens) - eaten as a bhaji (stir-fry) alongside rice at lunch or dinner
C008,Bathua leaves,বেথো শাক,Green Leafy Vegetables,"lunch,dinner",side,Cereals and Millets|Grain Legumes|Poultry|Animal Meat|Marine Fish|Fresh Water Fish and Shellfish|Egg and Egg Products,0.9,Shak (leafy greens) - eaten as a bhaji (stir-fry) alongside rice at lunch or dinner
C009,Beetroot leaves,বিটরুটের শাক,Green Leafy Vegetables,"lunch,dinner",side,Cereals and Millets|Grain Legumes|Poultry|Animal Meat|Marine Fish|Fresh Water Fish and Shellfish|Egg and Egg Products,0.9,Shak (leafy greens) - eaten as a bhaji (stir-fry) alongside rice at lunch or dinner
C010,Betel leaves big ,বাংলা পান,Green Leafy Vegetables,"lunch,dinner",side,Cereals and Millets|Grain Legumes|Poultry|Animal Meat|Marine Fish|Fresh Water Fish and Shellfish|Egg and Egg Products,0.9,Shak (leafy greens) - eaten as a bhaji (stir-fry) alongside rice at lunch or dinner
C011,Betel leaves small,পান পাতা,Green Leafy Vegetables,"lunch,dinner",side,Cereals and Millets|Grain Legumes|Poultry|Animal Meat|Marine Fish|Fresh Water Fish and Shellfish|Egg and Egg Products,0.9,Shak (leafy greens) - eaten as a bhaji (stir-fry) alongside rice at lunch or dinner
C012,Brussels sprouts,ছোট বাঁধাকপি,Green Leafy Vegetables,"lunch,dinner",side,Cereals and Millets|Grain Legumes|Poultry|Animal Meat|Marine Fish|Fresh Water Fish and Shellfish|Egg and Egg Products,0.9,Shak (leafy greens) - eaten as a bhaji (stir-fry) alongside rice at lunch or dinner
C013,Cabbage Chinese,চিনা বাঁধাকপি,Green Leafy Vegetables,"lunch,dinner",side,Cereals and Millets|Grain Legumes|Poultry|Animal Meat|Marine Fish|Fresh Water Fish and Shellfish|Egg and Egg Products,0.9,Shak (leafy greens) - eaten as a bhaji (stir-fry) alongside rice at lunch or dinner
C014,Cabbage collard greens,খোলা পাতাকপি শাক,Green Leafy Vegetables,"lunch,dinner",side,Cereals and Millets|Grain Legumes|Poultry|Animal Meat|Marine Fish|Fresh Water Fish and Shellfish|Egg and Egg Products,0.9,Shak (leafy greens) - eaten as a bhaji (stir-fry) alongside rice at lunch or dinner
C015,Cabbage green,বাঁধাকপি,Green Leafy Vegetables,"lunch,dinner",side,Cereals and Millets|Grain Legumes|Poultry|Animal Meat|Marine Fish|Fresh Water Fish and Shellfish|Egg and Egg Products,0.9,Shak (leafy greens) - eaten as a bhaji (stir-fry) alongside rice at lunch or dinner
C016,Cabbage violet,বেগুনি বাঁধাকপি,Green Leafy Vegetables,"lunch,dinner",side,Cereals and Millets|Grain Legumes|Poultry|Animal Meat|Marine Fish|Fresh Water Fish and Shellfish|Egg and Egg Products,0.9,Shak (leafy greens) - eaten as a bhaji (stir-fry) alongside rice at lunch or dinner
C017,Cauliflower leaves,ফুলকপির পাতা,Green Leafy Vegetables,"lunch,dinner",side,Cereals and Millets|Grain Legumes|Poultry|Animal Meat|Marine Fish|Fresh Water Fish and Shellfish|Egg and Egg Products,0.9,Shak (leafy greens) - eaten as a bhaji (stir-fry) alongside rice at lunch or dinner
C018,Colocasia leaves green,কচু পাতা,Green Leafy Vegetables,"lunch,dinner",side,Cereals and Millets|Grain Legumes|Poultry|Animal Meat|Marine Fish|Fresh Water Fish and Shellfish|Egg and Egg Products,0.9,Shak (leafy greens) - eaten as a bhaji (stir-fry) alongside rice at lunch or dinner
C019,Drumstick leaves,সজনে পাতা,Green Leafy Vegetables,"lunch,dinner",side,Cereals and Millets|Grain Legumes|Poultry|Animal Meat|Marine Fish|Fresh Water Fish and Shellfish|Egg and Egg Products,0.9,Shak (leafy greens) - eaten as a bhaji (stir-fry) alongside rice at lunch or dinner
C020,Fenugreek leaves,মেথি শাক,Green Leafy Vegetables,"lunch,dinner",side,Cereals and Millets|Grain Legumes|Poultry|Animal Meat|Marine Fish|Fresh Water Fish and Shellfish|Egg and Egg Products,0.9,Shak (leafy greens) - eaten as a bhaji (stir-fry) alongside rice at lunch or dinner
C021,Garden cress, হালিম দানা,Green Leafy Vegetables,"lunch,dinner",side,Cereals and Millets|Grain Legumes|Poultry|Animal Meat|Marine Fish|Fresh Water Fish and Shellfish|Egg and Egg Products,0.9,Shak (leafy greens) - eaten as a bhaji (stir-fry) alongside rice at lunch or dinner
C022,"Gogu leaves, green stem",মেস্তাপাতা,Green Leafy Vegetables,"lunch,dinner",side,Cereals and Millets|Grain Legumes|Poultry|Animal Meat|Marine Fish|Fresh Water Fish and Shellfish|Egg and Egg Products,0.9,Shak (leafy greens) - eaten as a bhaji (stir-fry) alongside rice at lunch or dinner
C024,Knol-Khol leaves,ওলকপির পাতা বা শাক,Green Leafy Vegetables,"lunch,dinner",side,Cereals and Millets|Grain Legumes|Poultry|Animal Meat|Marine Fish|Fresh Water Fish and Shellfish|Egg and Egg Products,0.9,Shak (leafy greens) - eaten as a bhaji (stir-fry) alongside rice at lunch or dinner
C025,Lettuce,লেটুস পাতা,Green Leafy Vegetables,"lunch,dinner",side,Cereals and Millets|Grain Legumes|Poultry|Animal Meat|Marine Fish|Fresh Water Fish and Shellfish|Egg and Egg Products,0.9,Shak (leafy greens) - eaten as a bhaji (stir-fry) alongside rice at lunch or dinner
C026,Mustard leaves,সরিষা শাক,Green Leafy Vegetables,"lunch,dinner",side,Cereals and Millets|Grain Legumes|Poultry|Animal Meat|Marine Fish|Fresh Water Fish and Shellfish|Egg and Egg Products,0.9,Shak (leafy greens) - eaten as a bhaji (stir-fry) alongside rice at lunch or dinner
C027,Pak Choi leaves,চাইনিজ বাঁধাকপি বা শাক,Green Leafy Vegetables,"lunch,dinner",side,Cereals and Millets|Grain Legumes|Poultry|Animal Meat|Marine Fish|Fresh Water Fish and Shellfish|Egg and Egg Products,0.9,Shak (leafy greens) - eaten as a bhaji (stir-fry) alongside rice at lunch or dinner
C028,Parsley,পার্সলে পাতা,Green Leafy Vegetables,"lunch,dinner",side,Cereals and Millets|Grain Legumes|Poultry|Animal Meat|Marine Fish|Fresh Water Fish and Shellfish|Egg and Egg Products,0.9,Shak (leafy greens) - eaten as a bhaji (stir-fry) alongside rice at lunch or dinner
C029,Ponnaganni, সাঁচিশাক বা শাঞ্চে শাক,Green Leafy Vegetables,"lunch,dinner",side,Cereals and Millets|Grain Legumes|Poultry|Animal Meat|Marine Fish|Fresh Water Fish and Shellfish|Egg and Egg Products,0.9,Shak (leafy greens) - eaten as a bhaji (stir-fry) alongside rice at lunch or dinner
C030,Pumpkin leaves tender,কচি কুমড়ো শাক,Green Leafy Vegetables,"lunch,dinner",side,Cereals and Millets|Grain Legumes|Poultry|Animal Meat|Marine Fish|Fresh Water Fish and Shellfish|Egg and Egg Products,0.9,Shak (leafy greens) - eaten as a bhaji (stir-fry) alongside rice at lunch or dinner
C031,Radish leaves,মুলো শাক,Green Leafy Vegetables,"lunch,dinner",side,Cereals and Millets|Grain Legumes|Poultry|Animal Meat|Marine Fish|Fresh Water Fish and Shellfish|Egg and Egg Products,0.9,Shak (leafy greens) - eaten as a bhaji (stir-fry) alongside rice at lunch or dinner
C032,Rumex leaves,বন পালং,Green Leafy Vegetables,"lunch,dinner",side,Cereals and Millets|Grain Legumes|Poultry|Animal Meat|Marine Fish|Fresh Water Fish and Shellfish|Egg and Egg Products,0.9,Shak (leafy greens) - eaten as a bhaji (stir-fry) alongside rice at lunch or dinner
C033,Spinach,পালং শাক,Green Leafy Vegetables,"lunch,dinner",side,Cereals and Millets|Grain Legumes|Poultry|Animal Meat|Marine Fish|Fresh Water Fish and Shellfish|Egg and Egg Products,0.9,Shak (leafy greens) - eaten as a bhaji (stir-fry) alongside rice at lunch or dinner
C034,Tamarind leaves tender,কচি তেঁতুল পাতা,Green Leafy Vegetables,"lunch,dinner",side,Cereals and Millets|Grain Legumes|Poultry|Animal Meat|Marine Fish|Fresh Water Fish and Shellfish|Egg and Egg Products,0.9,Shak (leafy greens) - eaten as a bhaji (stir-fry) alongside rice at lunch or dinner
D001,Ash gourd,চালকুমড়ো,Other Vegetables,"lunch,dinner",side,Cereals and Millets|Grain Legumes|Poultry|Animal Meat|Marine Fish|Fresh Water Fish and Shellfish|Egg and Egg Products,0.9,Vegetables as curry (tarkari) - served alongside rice at lunch or dinner
D002,Bamboo shoot tender,বাঁশ কোড়ল,Other Vegetables,"lunch,dinner",side,Cereals and Millets|Grain Legumes|Poultry|Animal Meat|Marine Fish|Fresh Water Fish and Shellfish|Egg and Egg Products,0.9,Vegetables as curry (tarkari) - served alongside rice at lunch or dinner
D003,Bean scarlet tender,নরম লাল শিমের শুঁটি ,Other Vegetables,"lunch,dinner",side,Cereals and Millets|Grain Legumes|Poultry|Animal Meat|Marine Fish|Fresh Water Fish and Shellfish|Egg and Egg Products,0.9,Vegetables as curry (tarkari) - served alongside rice at lunch or dinner
D005,Bitter gourd jagged teeth ridges short,ছোট করলা,Other Vegetables,"lunch,dinner",side,Cereals and Millets|Grain Legumes|Poultry|Animal Meat|Marine Fish|Fresh Water Fish and Shellfish|Egg and Egg Products,0.9,Vegetables as curry (tarkari) - served alongside rice at lunch or dinner
D006,Bitter gourd jagged smooth ridges elongate,করলা,Other Vegetables,"lunch,dinner",side,Cereals and Millets|Grain Legumes|Poultry|Animal Meat|Marine Fish|Fresh Water Fish and Shellfish|Egg and Egg Products,0.9,Vegetables as curry (tarkari) - served alongside rice at lunch or dinner
D007,Bottle gourd elongate pale green,লম্বাটে হালকা সবুজ লাউ,Other Vegetables,"lunch,dinner",side,Cereals and Millets|Grain Legumes|Poultry|Animal Meat|Marine Fish|Fresh Water Fish and Shellfish|Egg and Egg Products,0.9,Vegetables as curry (tarkari) - served alongside rice at lunch or dinner
D008,Bottle gourd round pale green,গোল লাউ ,Other Vegetables,"lunch,dinner",side,Cereals and Millets|Grain Legumes|Poultry|Animal Meat|Marine Fish|Fresh Water Fish and Shellfish|Egg and Egg Products,0.9,Vegetables as curry (tarkari) - served alongside rice at lunch or dinner
D009,Bottle gourd elongate dark green,লম্বা লাউ,Other Vegetables,"lunch,dinner",side,Cereals and Millets|Grain Legumes|Poultry|Animal Meat|Marine Fish|Fresh Water Fish and Shellfish|Egg and Egg Products,0.9,Vegetables as curry (tarkari) - served alongside rice at lunch or dinner
D031,Brinjal - all varieties,বেগুন,Other Vegetables,"lunch,dinner",side,Cereals and Millets|Grain Legumes|Poultry|Animal Meat|Marine Fish|Fresh Water Fish and Shellfish|Egg and Egg Products,0.9,Vegetables as curry (tarkari) - served alongside rice at lunch or dinner
D032,Broad beans,শিম পোস্ত,Other Vegetables,"lunch,dinner",side,Cereals and Millets|Grain Legumes|Poultry|Animal Meat|Marine Fish|Fresh Water Fish and Shellfish|Egg and Egg Products,0.9,Vegetables as curry (tarkari) - served alongside rice at lunch or dinner
D036,Cauliflower,ফুলকপি,Other Vegetables,"lunch,dinner",side,Cereals and Millets|Grain Legumes|Poultry|Animal Meat|Marine Fish|Fresh Water Fish and Shellfish|Egg and Egg Products,0.9,Vegetables as curry (tarkari) - served alongside rice at lunch or dinner
D037,Celery stalk,সেলারি ডাঁটি বা সেলারি শাকের ডাটা,Other Vegetables,"lunch,dinner",side,Cereals and Millets|Grain Legumes|Poultry|Animal Meat|Marine Fish|Fresh Water Fish and Shellfish|Egg and Egg Products,0.9,Vegetables as curry (tarkari) - served alongside rice at lunch or dinner
D038,Cho-cho-marrow,পাহাড়ি স্কোয়াশ,Other Vegetables,"lunch,dinner",side,Cereals and Millets|Grain Legumes|Poultry|Animal Meat|Marine Fish|Fresh Water Fish and Shellfish|Egg and Egg Products,0.9,Vegetables as curry (tarkari) - served alongside rice at lunch or dinner
D039,Cluster beans,ঝাড়-শিম,Other Vegetables,"lunch,dinner",side,Cereals and Millets|Grain Legumes|Poultry|Animal Meat|Marine Fish|Fresh Water Fish and Shellfish|Egg and Egg Products,0.9,Vegetables as curry (tarkari) - served alongside rice at lunch or dinner
D040,Colocasia stem black,কচু শাক,Other Vegetables,"lunch,dinner",side,Cereals and Millets|Grain Legumes|Poultry|Animal Meat|Marine Fish|Fresh Water Fish and Shellfish|Egg and Egg Products,0.9,Vegetables as curry (tarkari) - served alongside rice at lunch or dinner
D041,Colocasia stem green,কচুর লতি,Other Vegetables,"lunch,dinner",side,Cereals and Millets|Grain Legumes|Poultry|Animal Meat|Marine Fish|Fresh Water Fish and Shellfish|Egg and Egg Products,0.9,Vegetables as curry (tarkari) - served alongside rice at lunch or dinner
D042,Corn baby,কচি ভুট্টা,Other Vegetables,"lunch,dinner",side,Cereals and Millets|Grain Legumes|Poultry|Animal Meat|Marine Fish|Fresh Water Fish and Shellfish|Egg and Egg Products,0.9,Vegetables as curry (tarkari) - served alongside rice at lunch or dinner
D043,Cucumber green elongate,লম্বা শসা,Other Vegetables,"lunch,dinner",side,Cereals and Millets|Grain Legumes|Poultry|Animal Meat|Marine Fish|Fresh Water Fish and Shellfish|Egg and Egg Products,0.9,Vegetables as curry (tarkari) - served alongside rice at lunch or dinner
D044,Cucumber green short,সবুজ শসা,Other Vegetables,"lunch,dinner",side,Cereals and Millets|Grain Legumes|Poultry|Animal Meat|Marine Fish|Fresh Water Fish and Shellfish|Egg and Egg Products,0.9,Vegetables as curry (tarkari) - served alongside rice at lunch or dinner
D045,Cucumber orange round,লেমন শসা,Other Vegetables,"lunch,dinner",side,Cereals and Millets|Grain Legumes|Poultry|Animal Meat|Marine Fish|Fresh Water Fish and Shellfish|Egg and Egg Products,0.9,Vegetables as curry (tarkari) - served alongside rice at lunch or dinner
D046,Drumstick,সজনে বা সজিনা,Other Vegetables,"lunch,dinner",side,Cereals and Millets|Grain Legumes|Poultry|Animal Meat|Marine Fish|Fresh Water Fish and Shellfish|Egg and Egg Products,0.9,Vegetables as curry (tarkari) - served alongside rice at lunch or dinner
D047,Field beans tender broad,রাজশিম,Other Vegetables,"lunch,dinner",side,Cereals and Millets|Grain Legumes|Poultry|Animal Meat|Marine Fish|Fresh Water Fish and Shellfish|Egg and Egg Products,0.9,Vegetables as curry (tarkari) - served alongside rice at lunch or dinner
D048,Field beans tender lean,শিমের বিচি ,Other Vegetables,"lunch,dinner",side,Cereals and Millets|Grain Legumes|Poultry|Animal Meat|Marine Fish|Fresh Water Fish and Shellfish|Egg and Egg Products,0.9,Vegetables as curry (tarkari) - served alongside rice at lunch or dinner
D049,French beans country,বীন শিম,Other Vegetables,"lunch,dinner",side,Cereals and Millets|Grain Legumes|Poultry|Animal Meat|Marine Fish|Fresh Water Fish and Shellfish|Egg and Egg Products,0.9,Vegetables as curry (tarkari) - served alongside rice at lunch or dinner
D050,French beans hybrid,ফারাসি বা ঝাড় শিম,Other Vegetables,"lunch,dinner",side,Cereals and Millets|Grain Legumes|Poultry|Animal Meat|Marine Fish|Fresh Water Fish and Shellfish|Egg and Egg Products,0.9,Vegetables as curry (tarkari) - served alongside rice at lunch or dinner
D051,Jack fruit ,কাঁঠাল,Other Vegetables,"lunch,dinner",side,Cereals and Millets|Grain Legumes|Poultry|Animal Meat|Marine Fish|Fresh Water Fish and Shellfish|Egg and Egg Products,0.9,Vegetables as curry (tarkari) - served alongside rice at lunch or dinner
D052,Jack fruit seeds ,কাঁঠালের বিচি,Other Vegetables,"lunch,dinner",side,Cereals and Millets|Grain Legumes|Poultry|Animal Meat|Marine Fish|Fresh Water Fish and Shellfish|Egg and Egg Products,0.9,Vegetables as curry (tarkari) - served alongside rice at lunch or dinner
D053,Knol - Khol,ওলকপি,Other Vegetables,"lunch,dinner",side,Cereals and Millets|Grain Legumes|Poultry|Animal Meat|Marine Fish|Fresh Water Fish and Shellfish|Egg and Egg Products,0.9,Vegetables as curry (tarkari) - served alongside rice at lunch or dinner
D054,Kovai big,কোয়েম্বাটুর,Other Vegetables,"lunch,dinner",side,Cereals and Millets|Grain Legumes|Poultry|Animal Meat|Marine Fish|Fresh Water Fish and Shellfish|Egg and Egg Products,0.9,Vegetables as curry (tarkari) - served alongside rice at lunch or dinner
D055,Kovai small,কুঁদরি/কাকঝিঙ্গা,Other Vegetables,"lunch,dinner",side,Cereals and Millets|Grain Legumes|Poultry|Animal Meat|Marine Fish|Fresh Water Fish and Shellfish|Egg and Egg Products,0.9,Vegetables as curry (tarkari) - served alongside rice at lunch or dinner
D056,Ladies finger,ঢেঁড়স,Other Vegetables,"lunch,dinner",side,Cereals and Millets|Grain Legumes|Poultry|Animal Meat|Marine Fish|Fresh Water Fish and Shellfish|Egg and Egg Products,0.9,Vegetables as curry (tarkari) - served alongside rice at lunch or dinner
D057,Mango green ,কাঁচা আম,Other Vegetables,"lunch,dinner",side,Cereals and Millets|Grain Legumes|Poultry|Animal Meat|Marine Fish|Fresh Water Fish and Shellfish|Egg and Egg Products,0.9,Vegetables as curry (tarkari) - served alongside rice at lunch or dinner
D058,Onion stalk,পেঁয়াজ পাতা,Other Vegetables,"lunch,dinner",side,Cereals and Millets|Grain Legumes|Poultry|Animal Meat|Marine Fish|Fresh Water Fish and Shellfish|Egg and Egg Products,0.9,Vegetables as curry (tarkari) - served alongside rice at lunch or dinner
D059,Papaya ,কাঁচা পেঁপে,Other Vegetables,"lunch,dinner",side,Cereals and Millets|Grain Legumes|Poultry|Animal Meat|Marine Fish|Fresh Water Fish and Shellfish|Egg and Egg Products,0.9,Vegetables as curry (tarkari) - served alongside rice at lunch or dinner
D060,Parwar,পটোল,Other Vegetables,"lunch,dinner",side,Cereals and Millets|Grain Legumes|Poultry|Animal Meat|Marine Fish|Fresh Water Fish and Shellfish|Egg and Egg Products,0.9,Vegetables as curry (tarkari) - served alongside rice at lunch or dinner
D061,Peas fresh,মটরশুঁটি,Other Vegetables,"lunch,dinner",side,Cereals and Millets|Grain Legumes|Poultry|Animal Meat|Marine Fish|Fresh Water Fish and Shellfish|Egg and Egg Products,0.9,Vegetables as curry (tarkari) - served alongside rice at lunch or dinner
D062,Plantain flower,কলার মোচা,Other Vegetables,"lunch,dinner",side,Cereals and Millets|Grain Legumes|Poultry|Animal Meat|Marine Fish|Fresh Water Fish and Shellfish|Egg and Egg Products,0.9,Vegetables as curry (tarkari) - served alongside rice at lunch or dinner
D063,Plantain green,সবুজ কাঁচকলা,Other Vegetables,"lunch,dinner",side,Cereals and Millets|Grain Legumes|Poultry|Animal Meat|Marine Fish|Fresh Water Fish and Shellfish|Egg and Egg Products,0.9,Vegetables as curry (tarkari) - served alongside rice at lunch or dinner
D064,Plantain stem,থোড়,Other Vegetables,"lunch,dinner",side,Cereals and Millets|Grain Legumes|Poultry|Animal Meat|Marine Fish|Fresh Water Fish and Shellfish|Egg and Egg Products,0.9,Vegetables as curry (tarkari) - served alongside rice at lunch or dinner
D065,Pumpkin green cylindrical,চালকুমড়া,Other Vegetables,"lunch,dinner",side,Cereals and Millets|Grain Legumes|Poultry|Animal Meat|Marine Fish|Fresh Water Fish and Shellfish|Egg and Egg Products,0.9,Vegetables as curry (tarkari) - served alongside rice at lunch or dinner
D066,Pumpkin orange round,মিষ্টি কুমড়ো,Other Vegetables,"lunch,dinner",side,Cereals and Millets|Grain Legumes|Poultry|Animal Meat|Marine Fish|Fresh Water Fish and Shellfish|Egg and Egg Products,0.9,Vegetables as curry (tarkari) - served alongside rice at lunch or dinner
D067,Red gram tender fresh,কচি অরহর,Other Vegetables,"lunch,dinner",side,Cereals and Millets|Grain Legumes|Poultry|Animal Meat|Marine Fish|Fresh Water Fish and Shellfish|Egg and Egg Products,0.9,Vegetables as curry (tarkari) - served alongside rice at lunch or dinner
D068,Ridge gourd,ঝিঙে,Other Vegetables,"lunch,dinner",side,Cereals and Millets|Grain Legumes|Poultry|Animal Meat|Marine Fish|Fresh Water Fish and Shellfish|Egg and Egg Products,0.9,Vegetables as curry (tarkari) - served alongside rice at lunch or dinner
D072,Snake gourd short, চিচিঙ্গা,Other Vegetables,"lunch,dinner",side,Cereals and Millets|Grain Legumes|Poultry|Animal Meat|Marine Fish|Fresh Water Fish and Shellfish|Egg and Egg Products,0.9,Vegetables as curry (tarkari) - served alongside rice at lunch or dinner
D073,Tinda tender,টিন্ডা,Other Vegetables,"lunch,dinner",side,Cereals and Millets|Grain Legumes|Poultry|Animal Meat|Marine Fish|Fresh Water Fish and Shellfish|Egg and Egg Products,0.9,Vegetables as curry (tarkari) - served alongside rice at lunch or dinner
D074,Tomato green,কাঁচা টমেটো,Other Vegetables,"lunch,dinner",side,Cereals and Millets|Grain Legumes|Poultry|Animal Meat|Marine Fish|Fresh Water Fish and Shellfish|Egg and Egg Products,0.9,Vegetables as curry (tarkari) - served alongside rice at lunch or dinner
D075,Tomato ripe hybrid,পাকা টমেটো (হাইব্রিড),Other Vegetables,"lunch,dinner",side,Cereals and Millets|Grain Legumes|Poultry|Animal Meat|Marine Fish|Fresh Water Fish and Shellfish|Egg and Egg Products,0.9,Vegetables as curry (tarkari) - served alongside rice at lunch or dinner
D076,Tomato ripe local,পাকা টমেটো (দেশি),Other Vegetables,"lunch,dinner",side,Cereals and Millets|Grain Legumes|Poultry|Animal Meat|Marine Fish|Fresh Water Fish and Shellfish|Egg and Egg Products,0.9,Vegetables as curry (tarkari) - served alongside rice at lunch or dinner
D077,Zucchini green,সবুজ স্কোয়াশ বা জুকিনি,Other Vegetables,"lunch,dinner",side,Cereals and Millets|Grain Legumes|Poultry|Animal Meat|Marine Fish|Fresh Water Fish and Shellfish|Egg and Egg Products,0.9,Vegetables as curry (tarkari) - served alongside rice at lunch or dinner
D078,Zucchini yellow,ধুন্দুল বা জুকিনি,Other Vegetables,"lunch,dinner",side,Cereals and Millets|Grain Legumes|Poultry|Animal Meat|Marine Fish|Fresh Water Fish and Shellfish|Egg and Egg Products,0.9,Vegetables as curry (tarkari) - served alongside rice at lunch or dinner
E001,Apple big,বড় আপেল,Fruits,"breakfast,snack",supplementary,Milk and Milk Products|Nuts and Oil Seeds|Cereals and Millets,0.8,Fruits - best at breakfast or as a snack. Can pair with milk/yogurt.
E002,Apple green,সবুজ আপেল,Fruits,"breakfast,snack",supplementary,Milk and Milk Products|Nuts and Oil Seeds|Cereals and Millets,0.8,Fruits - best at breakfast or as a snack. Can pair with milk/yogurt.
E003,Apple small,ছোট আপেল,Fruits,"breakfast,snack",supplementary,Milk and Milk Products|Nuts and Oil Seeds|Cereals and Millets,0.8,Fruits - best at breakfast or as a snack. Can pair with milk/yogurt.
E005,Apricot dried,শুকনো খুবানি ,Fruits,"breakfast,snack",supplementary,Milk and Milk Products|Nuts and Oil Seeds|Cereals and Millets,0.8,Fruits - best at breakfast or as a snack. Can pair with milk/yogurt.
E007,Avocado fruit,নাশপাতি,Fruits,"breakfast,snack",supplementary,Milk and Milk Products|Nuts and Oil Seeds|Cereals and Millets,0.8,Fruits - best at breakfast or as a snack. Can pair with milk/yogurt.
E008,Bael fruit,বেল,Fruits,"breakfast,snack",supplementary,Milk and Milk Products|Nuts and Oil Seeds|Cereals and Millets,0.8,Fruits - best at breakfast or as a snack. Can pair with milk/yogurt.
E009,Banana ripe montham,আঁটিয়া বা বিচি কলা,Fruits,"breakfast,snack",supplementary,Milk and Milk Products|Nuts and Oil Seeds|Cereals and Millets,0.8,Fruits - best at breakfast or as a snack. Can pair with milk/yogurt.
E010,Banana ripe poovam, চাপা কলা,Fruits,"breakfast,snack",supplementary,Milk and Milk Products|Nuts and Oil Seeds|Cereals and Millets,0.8,Fruits - best at breakfast or as a snack. Can pair with milk/yogurt.
E011,Banana ripe red,লাল কলা ,Fruits,"breakfast,snack",supplementary,Milk and Milk Products|Nuts and Oil Seeds|Cereals and Millets,0.8,Fruits - best at breakfast or as a snack. Can pair with milk/yogurt.
E012,Banana ripe robusta,অমৃতসাগর কলা,Fruits,"breakfast,snack",supplementary,Milk and Milk Products|Nuts and Oil Seeds|Cereals and Millets,0.8,Fruits - best at breakfast or as a snack. Can pair with milk/yogurt.
E013,Black berry,ব্ল্যাকবেরি বা কালোজম,Fruits,"breakfast,snack",supplementary,Milk and Milk Products|Nuts and Oil Seeds|Cereals and Millets,0.8,Fruits - best at breakfast or as a snack. Can pair with milk/yogurt.
E014,Cherries red,লাল চেরি ফল,Fruits,"breakfast,snack",supplementary,Milk and Milk Products|Nuts and Oil Seeds|Cereals and Millets,0.8,Fruits - best at breakfast or as a snack. Can pair with milk/yogurt.
E015,Currants black,করমচা,Fruits,"breakfast,snack",supplementary,Milk and Milk Products|Nuts and Oil Seeds|Cereals and Millets,0.8,Fruits - best at breakfast or as a snack. Can pair with milk/yogurt.
E016,Custard apple,আতা ফল,Fruits,"breakfast,snack",supplementary,Milk and Milk Products|Nuts and Oil Seeds|Cereals and Millets,0.8,Fruits - best at breakfast or as a snack. Can pair with milk/yogurt.
E017,Dates dry pale brown,শুকনা খেজুর,Fruits,"breakfast,snack",supplementary,Milk and Milk Products|Nuts and Oil Seeds|Cereals and Millets,0.8,Fruits - best at breakfast or as a snack. Can pair with milk/yogurt.
E018,Dates dry dark brown,মরিয়ম খেজুর,Fruits,"breakfast,snack",supplementary,Milk and Milk Products|Nuts and Oil Seeds|Cereals and Millets,0.8,Fruits - best at breakfast or as a snack. Can pair with milk/yogurt.
E019,Dates processed,খেজুর,Fruits,"breakfast,snack",supplementary,Milk and Milk Products|Nuts and Oil Seeds|Cereals and Millets,0.8,Fruits - best at breakfast or as a snack. Can pair with milk/yogurt.
E021,Goosberry,আমলকি,Fruits,"breakfast,snack",supplementary,Milk and Milk Products|Nuts and Oil Seeds|Cereals and Millets,0.8,Fruits - best at breakfast or as a snack. Can pair with milk/yogurt.
E022,Grapes seeded round black,কালো আঙুর,Fruits,"breakfast,snack",supplementary,Milk and Milk Products|Nuts and Oil Seeds|Cereals and Millets,0.8,Fruits - best at breakfast or as a snack. Can pair with milk/yogurt.
E023,Grapes seeded round green,আঙুর ,Fruits,"breakfast,snack",supplementary,Milk and Milk Products|Nuts and Oil Seeds|Cereals and Millets,0.8,Fruits - best at breakfast or as a snack. Can pair with milk/yogurt.
E024,Grapes seeded round red,লাল আঙুর,Fruits,"breakfast,snack",supplementary,Milk and Milk Products|Nuts and Oil Seeds|Cereals and Millets,0.8,Fruits - best at breakfast or as a snack. Can pair with milk/yogurt.
E026,Grapes seedless round green,সবুজ আঙুর (বীজহীন),Fruits,"breakfast,snack",supplementary,Milk and Milk Products|Nuts and Oil Seeds|Cereals and Millets,0.8,Fruits - best at breakfast or as a snack. Can pair with milk/yogurt.
E027,Grapes seedless round black,কালো আঙুর,Fruits,"breakfast,snack",supplementary,Milk and Milk Products|Nuts and Oil Seeds|Cereals and Millets,0.8,Fruits - best at breakfast or as a snack. Can pair with milk/yogurt.
E028,Guava white flesh,পেয়ারা,Fruits,"breakfast,snack",supplementary,Milk and Milk Products|Nuts and Oil Seeds|Cereals and Millets,0.8,Fruits - best at breakfast or as a snack. Can pair with milk/yogurt.
E029,Guava pink flesh,লাল পেয়ারা,Fruits,"breakfast,snack",supplementary,Milk and Milk Products|Nuts and Oil Seeds|Cereals and Millets,0.8,Fruits - best at breakfast or as a snack. Can pair with milk/yogurt.
E030,Jack fruit ripe,পাকা কাঁঠাল,Fruits,"breakfast,snack",supplementary,Milk and Milk Products|Nuts and Oil Seeds|Cereals and Millets,0.8,Fruits - best at breakfast or as a snack. Can pair with milk/yogurt.
E031,Jambu frui ripe,কালোজাম,Fruits,"breakfast,snack",supplementary,Milk and Milk Products|Nuts and Oil Seeds|Cereals and Millets,0.8,Fruits - best at breakfast or as a snack. Can pair with milk/yogurt.
E032,Karonda fruit,করমচা,Fruits,"breakfast,snack",supplementary,Milk and Milk Products|Nuts and Oil Seeds|Cereals and Millets,0.8,Fruits - best at breakfast or as a snack. Can pair with milk/yogurt.
E033,Lemon juice,লেবুর রস,Fruits,"breakfast,snack",supplementary,Milk and Milk Products|Nuts and Oil Seeds|Cereals and Millets,0.8,Fruits - best at breakfast or as a snack. Can pair with milk/yogurt.
E035,Litchi,লিচু,Fruits,"breakfast,snack",supplementary,Milk and Milk Products|Nuts and Oil Seeds|Cereals and Millets,0.8,Fruits - best at breakfast or as a snack. Can pair with milk/yogurt.
E037,Mango ripe gulabkhas,গোলাপ খাস আম (পাকা),Fruits,"breakfast,snack",supplementary,Milk and Milk Products|Nuts and Oil Seeds|Cereals and Millets,0.8,Fruits - best at breakfast or as a snack. Can pair with milk/yogurt.
E038,Mango ripe himsagar,হিমসাগর আম (পাকা),Fruits,"breakfast,snack",supplementary,Milk and Milk Products|Nuts and Oil Seeds|Cereals and Millets,0.8,Fruits - best at breakfast or as a snack. Can pair with milk/yogurt.
E039,Mango ripe kesar,পাকা আমের কেশরী,Fruits,"breakfast,snack",supplementary,Milk and Milk Products|Nuts and Oil Seeds|Cereals and Millets,0.8,Fruits - best at breakfast or as a snack. Can pair with milk/yogurt.
E040,Mango ripe neelam, নিলাম আম (পাকা),Fruits,"breakfast,snack",supplementary,Milk and Milk Products|Nuts and Oil Seeds|Cereals and Millets,0.8,Fruits - best at breakfast or as a snack. Can pair with milk/yogurt.
E041,Mango ripe paheri,পাহাড়ি  আম (পাকা),Fruits,"breakfast,snack",supplementary,Milk and Milk Products|Nuts and Oil Seeds|Cereals and Millets,0.8,Fruits - best at breakfast or as a snack. Can pair with milk/yogurt.
E044,Manila tamarind, জিলিপি ফল (খই বাবলা),Fruits,"breakfast,snack",supplementary,Milk and Milk Products|Nuts and Oil Seeds|Cereals and Millets,0.8,Fruits - best at breakfast or as a snack. Can pair with milk/yogurt.
E045,Musk melon ,বাঙ্গি বা খরমুজ,Fruits,"breakfast,snack",supplementary,Milk and Milk Products|Nuts and Oil Seeds|Cereals and Millets,0.8,Fruits - best at breakfast or as a snack. Can pair with milk/yogurt.
E048,Palm fruit tender,তালের শাঁস,Fruits,"breakfast,snack",supplementary,Milk and Milk Products|Nuts and Oil Seeds|Cereals and Millets,0.8,Fruits - best at breakfast or as a snack. Can pair with milk/yogurt.
E049,Papaya ripe,পাকা পেঁপে,Fruits,"breakfast,snack",supplementary,Milk and Milk Products|Nuts and Oil Seeds|Cereals and Millets,0.8,Fruits - best at breakfast or as a snack. Can pair with milk/yogurt.
E050,Peach,নাশপাতি,Fruits,"breakfast,snack",supplementary,Milk and Milk Products|Nuts and Oil Seeds|Cereals and Millets,0.8,Fruits - best at breakfast or as a snack. Can pair with milk/yogurt.
E051,Pear,নাশপাতি,Fruits,"breakfast,snack",supplementary,Milk and Milk Products|Nuts and Oil Seeds|Cereals and Millets,0.8,Fruits - best at breakfast or as a snack. Can pair with milk/yogurt.
E052,Phalsa,ফলসা,Fruits,"breakfast,snack",supplementary,Milk and Milk Products|Nuts and Oil Seeds|Cereals and Millets,0.8,Fruits - best at breakfast or as a snack. Can pair with milk/yogurt.
E053,Pineapple,আনারস,Fruits,"breakfast,snack",supplementary,Milk and Milk Products|Nuts and Oil Seeds|Cereals and Millets,0.8,Fruits - best at breakfast or as a snack. Can pair with milk/yogurt.
E054,Plum,বরই,Fruits,"breakfast,snack",supplementary,Milk and Milk Products|Nuts and Oil Seeds|Cereals and Millets,0.8,Fruits - best at breakfast or as a snack. Can pair with milk/yogurt.
E055,Pomegranate maroon seeds,বেদানার দানা,Fruits,"breakfast,snack",supplementary,Milk and Milk Products|Nuts and Oil Seeds|Cereals and Millets,0.8,Fruits - best at breakfast or as a snack. Can pair with milk/yogurt.
E056,Pummelo,বাতাবি লেবু বা জাম্বুরা,Fruits,"breakfast,snack",supplementary,Milk and Milk Products|Nuts and Oil Seeds|Cereals and Millets,0.8,Fruits - best at breakfast or as a snack. Can pair with milk/yogurt.
E057,Raisins dried black,কালো কিসমিস,Fruits,"breakfast,snack",supplementary,Milk and Milk Products|Nuts and Oil Seeds|Cereals and Millets,0.8,Fruits - best at breakfast or as a snack. Can pair with milk/yogurt.
E058,Raisins dried golden,কিসমিস,Fruits,"breakfast,snack",supplementary,Milk and Milk Products|Nuts and Oil Seeds|Cereals and Millets,0.8,Fruits - best at breakfast or as a snack. Can pair with milk/yogurt.
E059,Rambutan,বিদেশি লিচু বা রামবুটান,Fruits,"breakfast,snack",supplementary,Milk and Milk Products|Nuts and Oil Seeds|Cereals and Millets,0.8,Fruits - best at breakfast or as a snack. Can pair with milk/yogurt.
E060,Sapota,সফেদা বা সবেদা,Fruits,"breakfast,snack",supplementary,Milk and Milk Products|Nuts and Oil Seeds|Cereals and Millets,0.8,Fruits - best at breakfast or as a snack. Can pair with milk/yogurt.
E061,Soursop, হানিফল,Fruits,"breakfast,snack",supplementary,Milk and Milk Products|Nuts and Oil Seeds|Cereals and Millets,0.8,Fruits - best at breakfast or as a snack. Can pair with milk/yogurt.
E062,Star fruit,কামরাঙা,Fruits,"breakfast,snack",supplementary,Milk and Milk Products|Nuts and Oil Seeds|Cereals and Millets,0.8,Fruits - best at breakfast or as a snack. Can pair with milk/yogurt.
E063,Strawberry, স্ট্রবেরি,Fruits,"breakfast,snack",supplementary,Milk and Milk Products|Nuts and Oil Seeds|Cereals and Millets,0.8,Fruits - best at breakfast or as a snack. Can pair with milk/yogurt.
E064,Tamarind pulp,তেঁতুল ,Fruits,"breakfast,snack",supplementary,Milk and Milk Products|Nuts and Oil Seeds|Cereals and Millets,0.8,Fruits - best at breakfast or as a snack. Can pair with milk/yogurt.
E065,Watermelon dark green (sugar baby),কালো তরমুজ ,Fruits,"breakfast,snack",supplementary,Milk and Milk Products|Nuts and Oil Seeds|Cereals and Millets,0.8,Fruits - best at breakfast or as a snack. Can pair with milk/yogurt.
E066,Watermelon pale green,তরমুজ,Fruits,"breakfast,snack",supplementary,Milk and Milk Products|Nuts and Oil Seeds|Cereals and Millets,0.8,Fruits - best at breakfast or as a snack. Can pair with milk/yogurt.
E067,Wood apple,কয়েতবেল বা কৎবেল,Fruits,"breakfast,snack",supplementary,Milk and Milk Products|Nuts and Oil Seeds|Cereals and Millets,0.8,Fruits - best at breakfast or as a snack. Can pair with milk/yogurt.
E068,Zizyphus,কুল বরই ,Fruits,"breakfast,snack",supplementary,Milk and Milk Products|Nuts and Oil Seeds|Cereals and Millets,0.8,Fruits - best at breakfast or as a snack. Can pair with milk/yogurt.
F001,Beetroot,বিটরুট,Roots and Tubers,"lunch,dinner",side,Cereals and Millets|Grain Legumes|Poultry|Animal Meat|Marine Fish|Green Leafy Vegetables,0.8,"Potato/carrot as part of curry - cooked with meat or fish, served with rice"
F002,Carrot orange,কমলা গাজর,Roots and Tubers,"lunch,dinner",side,Cereals and Millets|Grain Legumes|Poultry|Animal Meat|Marine Fish|Green Leafy Vegetables,0.8,"Potato/carrot as part of curry - cooked with meat or fish, served with rice"
F003,Carrot red,লাল গাজর,Roots and Tubers,"lunch,dinner",side,Cereals and Millets|Grain Legumes|Poultry|Animal Meat|Marine Fish|Green Leafy Vegetables,0.8,"Potato/carrot as part of curry - cooked with meat or fish, served with rice"
F004,Colocasia,কচু,Roots and Tubers,"lunch,dinner",side,Cereals and Millets|Grain Legumes|Poultry|Animal Meat|Marine Fish|Green Leafy Vegetables,0.8,"Potato/carrot as part of curry - cooked with meat or fish, served with rice"
F005,Lotus root,লোটাস মূল,Roots and Tubers,"lunch,dinner",side,Cereals and Millets|Grain Legumes|Poultry|Animal Meat|Marine Fish|Green Leafy Vegetables,0.8,"Potato/carrot as part of curry - cooked with meat or fish, served with rice"
F006,Potato brown skin big,গোল আলু,Roots and Tubers,"lunch,dinner",side,Cereals and Millets|Grain Legumes|Poultry|Animal Meat|Marine Fish|Green Leafy Vegetables,0.8,"Potato/carrot as part of curry - cooked with meat or fish, served with rice"
F007,Potato brown skin small,ছোট আলু,Roots and Tubers,"lunch,dinner",side,Cereals and Millets|Grain Legumes|Poultry|Animal Meat|Marine Fish|Green Leafy Vegetables,0.8,"Potato/carrot as part of curry - cooked with meat or fish, served with rice"
F008,Potato red skin,লাল কুপরী আলু ,Roots and Tubers,"lunch,dinner",side,Cereals and Millets|Grain Legumes|Poultry|Animal Meat|Marine Fish|Green Leafy Vegetables,0.8,"Potato/carrot as part of curry - cooked with meat or fish, served with rice"
F009,Radish elongate red skin,লাল মূলা,Roots and Tubers,"lunch,dinner",side,Cereals and Millets|Grain Legumes|Poultry|Animal Meat|Marine Fish|Green Leafy Vegetables,0.8,"Potato/carrot as part of curry - cooked with meat or fish, served with rice"
F010,Radish elongate white skin,লম্বা মুলো,Roots and Tubers,"lunch,dinner",side,Cereals and Millets|Grain Legumes|Poultry|Animal Meat|Marine Fish|Green Leafy Vegetables,0.8,"Potato/carrot as part of curry - cooked with meat or fish, served with rice"
F012,Radish round white skin,মুলো,Roots and Tubers,"lunch,dinner",side,Cereals and Millets|Grain Legumes|Poultry|Animal Meat|Marine Fish|Green Leafy Vegetables,0.8,"Potato/carrot as part of curry - cooked with meat or fish, served with rice"
F013,Sweet potato brown skin, বাদামী মিষ্টি আলু,Roots and Tubers,"lunch,dinner",side,Cereals and Millets|Grain Legumes|Poultry|Animal Meat|Marine Fish|Green Leafy Vegetables,0.8,"Potato/carrot as part of curry - cooked with meat or fish, served with rice"
F014,Sweet potato pink skin,লাল মিষ্টি আলু,Roots and Tubers,"lunch,dinner",side,Cereals and Millets|Grain Legumes|Poultry|Animal Meat|Marine Fish|Green Leafy Vegetables,0.8,"Potato/carrot as part of curry - cooked with meat or fish, served with rice"
F015,Tapioca,সাগু দানা,Roots and Tubers,"lunch,dinner",side,Cereals and Millets|Grain Legumes|Poultry|Animal Meat|Marine Fish|Green Leafy Vegetables,0.8,"Potato/carrot as part of curry - cooked with meat or fish, served with rice"
F016,Water Chestnut,পানি ফল,Roots and Tubers,"lunch,dinner",side,Cereals and Millets|Grain Legumes|Poultry|Animal Meat|Marine Fish|Green Leafy Vegetables,0.8,"Potato/carrot as part of curry - cooked with meat or fish, served with rice"
F017,Yam elephant,ওল কচু,Roots and Tubers,"lunch,dinner",side,Cereals and Millets|Grain Legumes|Poultry|Animal Meat|Marine Fish|Green Leafy Vegetables,0.8,"Potato/carrot as part of curry - cooked with meat or fish, served with rice"
F018,Yam ordinary,মেটে আলু,Roots and Tubers,"lunch,dinner",side,Cereals and Millets|Grain Legumes|Poultry|Animal Meat|Marine Fish|Green Leafy Vegetables,0.8,"Potato/carrot as part of curry - cooked with meat or fish, served with rice"
F019,Yam wild,বন আলু,Roots and Tubers,"lunch,dinner",side,Cereals and Millets|Grain Legumes|Poultry|Animal Meat|Marine Fish|Green Leafy Vegetables,0.8,"Potato/carrot as part of curry - cooked with meat or fish, served with rice"
