code,name_en,name_bn,name_original,food_group_en,food_group_bn,food_group_code,energy_kcal,protein_g,fat_g,carbohydrate_g,fiber_g,water_g,calcium_mg,iron_mg,magnesium_mg,phosphorus_mg,potassium_mg,sodium_mg,zinc_mg,vitamin_a_mcg,vitamin_c_mg,vitamin_d_mcg,folate_mcg,edible_portion,is_raw,is_cooked,is_recipe,is_partial
01_0001,"Barley, whole-grain, raw","Jaab, gota","Barley, whole-grain, raw Jaab, gota",Cereals,শস্যদানা,01,324.0,10.9,2.2,56.4,17.3,11.7,26.0,5.5,133.0,264.0,452.0,4.0,2.77,1.0,0.0,0.0,34.0,1.0,True,False,False,False
01_0002,"Bread, bun/roll Bonruti, bun/roll","Bread, bun/roll Bonruti, bun/roll","Bread, bun/roll Bonruti, bun/roll",Cereals,শস্যদানা,01,270.0,8.8,2.8,50.9,2.8,33.0,26.0,1.0,22.0,96.0,133.0,501.0,0.73,,,,,1.0,False,False,False,False
01_0003,"Bread, white, for toasting Pawruti","Bread, white, for toasting Pawruti","Bread, white, for toasting Pawruti",Cereals,শস্যদানা,01,272.0,8.0,1.4,55.6,2.5,30.4,119.0,2.2,26.0,103.0,131.0,592.0,0.68,0.0,0.0,0.0,30.0,1.0,False,False,False,False
01_0004,"Maize/corn flour, whole, white Bhutta, atta","Maize/corn flour, whole, white Bhutta, atta","Maize/corn flour, whole, white Bhutta, atta",Cereals,শস্যদানা,01,355.0,6.9,3.9,69.6,7.3,10.9,7.0,2.4,93.0,272.0,315.0,5.0,1.73,0.0,0.0,0.0,25.0,1.0,False,False,False,False
01_0005,"Maize/corn, yellow, dried, raw","Bhutta, shukna","Maize/corn, yellow, dried, raw Bhutta, shukna",Cereals,শস্যদানা,01,344.0,9.9,3.4,64.7,7.3,13.1,12.0,2.9,143.0,329.0,248.0,14.0,3.27,11.0,0.0,0.0,20.0,1.0,True,False,False,False
01_0006,"Millet, Foxtail, raw",Kaon,"Millet, Foxtail, raw Kaon",Cereals,শস্যদানা,01,344.0,10.4,4.3,61.7,8.5,11.8,32.0,2.8,81.0,290.0,250.0,7.0,1.5,5.0,0.0,0.0,85.0,1.0,True,False,False,False
01_0007,"Millet, Proso, whole-grain, raw","Cheena, gota-dana","Millet, Proso, whole-grain, raw Cheena, gota-dana",Cereals,শস্যদানা,01,341.0,11.2,4.2,60.3,8.5,12.5,14.0,5.0,114.0,285.0,195.0,5.0,2.3,0.0,0.0,0.0,85.0,1.0,True,False,False,False
01_0008,"Pear millet, whole-grain, raw","Bajra, gota-dana","Pear millet, whole-grain, raw Bajra, gota-dana",Cereals,শস্যদানা,01,349.0,10.1,5.0,61.4,8.8,12.4,42.0,8.0,137.0,296.0,307.0,11.0,3.1,0.0,0.0,0.0,85.0,1.0,True,False,False,False
01_0009,"Popcorn, maize (salt added) Popcorn, Bhutta","Popcorn, maize (salt added) Popcorn, Bhutta","Popcorn, maize (salt added) Popcorn, Bhutta",Cereals,শস্যদানা,01,328.0,10.0,3.1,58.6,12.9,13.7,10.0,2.8,135.0,349.0,294.0,785.0,3.7,7.0,0.0,0.0,28.0,1.0,False,False,False,False
01_0010,Rice flaked Chira,Rice flaked Chira,Rice flaked Chira,Cereals,শস্যদানা,01,356.0,6.5,1.1,79.2,1.3,9.9,25.0,6.8,47.0,130.0,150.0,2.0,1.36,,,,,1.0,False,False,False,False
01_0011,"Chira, veja","Chira, veja","Chira, veja",Cereals,শস্যদানা,01,105.0,2.0,0.3,23.0,0.9,73.2,8.0,2.0,14.0,39.0,45.0,1.0,0.4,,,,,1.0,False,False,False,False
01_0012,"Rice, BR-28, parboiled, milled, raw",,"Rice, BR-28, parboiled, milled, raw",Cereals,শস্যদানা,01,344.0,6.5,0.4,76.8,3.4,12.4,9.0,0.7,43.0,126.0,146.0,2.0,1.32,0.0,0.0,0.0,11.0,1.0,False,True,False,False
01_0013,"Rice, BR-11, parboiled, milled, Chal, BR-11, siddha,",,"Rice, BR-11, parboiled, milled, Chal, BR-11, siddha,",Cereals,শস্যদানা,01,345.0,7.9,0.3,76.1,3.4,11.9,1.0,0.7,43.0,127.0,146.0,2.0,1.32,0.0,0.0,0.0,11.0,1.0,False,True,False,False
01_0014,"raw kolechata Rice, BR-16, parboiled, milled, Chal, BR-16, siddha,",,"raw kolechata Rice, BR-16, parboiled, milled, Chal, BR-16, siddha,",Cereals,শস্যদানা,01,346.0,6.2,0.3,77.9,3.4,11.8,2.0,0.7,43.0,127.0,147.0,2.0,1.33,0.0,0.0,0.0,11.0,1.0,False,True,False,False
01_0015,"raw kolechata Rice, BR-26, parboiled, milled, Chal, BR-26, siddha,",,"raw kolechata Rice, BR-26, parboiled, milled, Chal, BR-26, siddha,",Cereals,শস্যদানা,01,346.0,8.4,0.4,75.5,3.4,11.7,2.0,0.7,43.0,127.0,147.0,2.0,1.33,0.0,0.0,0.0,11.0,1.0,False,True,False,False
01_0016,"Rice, BR-3, parboiled, milled, raw",,"Rice, BR-3, parboiled, milled, raw",Cereals,শস্যদানা,01,344.0,7.1,0.2,76.8,3.4,12.0,2.0,0.7,43.0,126.0,146.0,2.0,1.32,0.0,0.0,0.0,11.0,1.0,False,True,False,False
01_0017,"kolechata Rice, BRRI Dhan-30, parboiled, Chal, BRRI Dhan-30,",,"kolechata Rice, BRRI Dhan-30, parboiled, Chal, BRRI Dhan-30,",Cereals,শস্যদানা,01,349.0,6.9,0.3,77.9,3.4,10.9,2.0,0.7,44.0,128.0,148.0,2.0,1.34,0.0,0.0,0.0,11.0,1.0,False,True,False,False
01_0018,"Rice, BRRI Dhan-40, parboiled, milled, raw","চাল, বিআরআরআই ধান-৪০, সিদ্ধ, কলেছাটা","milled, raw siddha, kole chata Rice, BRRI Dhan-40, parboiled, Chal, BRRI Dhan-40,",Cereals,শস্যদানা,01,349.0,7.0,0.3,77.9,3.4,10.8,2.0,0.7,44.0,128.0,148.0,2.0,1.34,0.0,0.0,0.0,11.0,1.0,False,True,False,False
01_0019,"Rice, bran, raw",Chaler kura,"Rice, bran, raw Chaler kura",Cereals,শস্যদানা,01,398.0,13.4,20.9,28.6,21.0,6.1,59.0,18.5,994.0,1379.0,1155.0,5.0,6.04,0.0,0.0,0.0,63.0,1.0,True,False,False,False
01_0020,"Chal, siddha, dhekichata","Chal, siddha, dhekichata","Chal, siddha, dhekichata",Cereals,শস্যদানা,01,348.0,7.6,2.3,72.4,3.8,12.6,10.0,2.8,52.0,246.0,202.0,5.0,1.9,,,,,1.0,False,True,False,False
01_0021,"Chal, lal, siddha, kolechata","Chal, lal, siddha, kolechata","Chal, lal, siddha, kolechata",Cereals,শস্যদানা,01,350.0,7.8,2.4,72.3,3.8,12.4,12.0,1.0,52.0,255.0,326.0,5.0,1.9,0.0,0.0,0.0,49.0,1.0,False,True,False,False
01_0022,"Rice, popped Khoi","Rice, popped Khoi","Rice, popped Khoi",Cereals,শস্যদানা,01,380.0,7.1,0.1,87.0,1.4,3.9,10.0,0.7,47.0,138.0,160.0,5.0,0.87,0.0,0.0,0.0,12.0,1.0,False,False,False,False
01_0023,"Rice, puffed, salted Muri","Rice, puffed, salted Muri","Rice, puffed, salted Muri",Cereals,শস্যদানা,01,361.0,6.7,0.1,82.7,1.4,7.3,9.0,0.7,45.0,133.0,154.0,650.0,0.84,,,,,1.0,False,False,False,False
01_0024,"Rice, white, sunned, aromatic, Chal, atop, sugondhi,","Rice, white, sunned, aromatic, Chal, atop, sugondhi,","Rice, white, sunned, aromatic, Chal, atop, sugondhi,",Cereals,শস্যদানা,01,343.0,6.7,0.7,76.1,3.1,12.8,10.0,0.9,43.0,126.0,113.0,5.0,1.09,,,,,1.0,False,False,False,False
01_0025,"milled, raw raw",,"milled, raw raw",Cereals,শস্যদানা,01,345.0,6.6,0.3,77.4,3.1,12.2,5.0,0.9,43.0,126.0,109.0,5.0,1.09,,,,,1.0,True,False,False,False
01_0026,"Semolina, wheat, raw","Sooji, gom","Semolina, wheat, raw Sooji, gom",Cereals,শস্যদানা,01,346.0,10.9,1.4,70.6,3.9,12.8,17.0,1.1,40.0,105.0,158.0,5.0,2.18,0.0,0.0,0.0,57.0,1.0,True,False,False,False
01_0027,"Sorghum, raw",Jowar,"Sorghum, raw Jowar",Cereals,শস্যদানা,01,350.0,10.1,3.3,66.9,6.3,11.9,25.0,5.8,290.0,222.0,350.0,6.0,1.6,,,,,1.0,True,False,False,False
01_0028,"Sweet corn, yellow, on the cob, raw","Bhutta, kancha","Sweet corn, yellow, on the cob, raw Bhutta, kancha",Cereals,শস্যদানা,01,147.0,3.5,1.4,28.7,2.8,62.9,5.0,0.7,30.0,112.0,228.0,2.0,0.8,,,,,0.47,True,False,False,False
01_0029,"Vermicelli, wheat, raw",Semai,"Vermicelli, wheat, raw Semai",Cereals,শস্যদানা,01,347.0,8.9,0.6,74.9,3.2,11.7,22.0,2.0,42.0,92.0,140.0,8.0,1.38,0.0,0.0,0.0,18.0,1.0,True,False,False,False
01_0030,"Wheat flour, brown, whole grain, Ata, sada","Wheat flour, brown, whole grain, Ata, sada","Wheat flour, brown, whole grain, Ata, sada",Cereals,শস্যদানা,01,334.0,11.3,2.1,62.2,10.7,12.3,52.0,4.9,151.0,306.0,284.0,16.0,3.02,,,,,1.0,False,False,False,False
01_0031,"Wheat, flour, white Ata, sada, packet","Wheat, flour, white Ata, sada, packet","Wheat, flour, white Ata, sada, packet",Cereals,শস্যদানা,01,347.0,10.6,1.6,70.3,4.4,12.2,13.0,3.8,58.0,140.0,210.0,10.0,1.55,0.0,0.0,0.0,20.0,1.0,False,False,False,False
01_0032,"Wheat flour, white, refined Maida","Wheat flour, white, refined Maida","Wheat flour, white, refined Maida",Cereals,শস্যদানা,01,346.0,9.8,1.0,73.1,2.7,12.8,13.0,2.7,58.0,140.0,210.0,10.0,1.55,0.0,0.0,0.0,20.0,1.0,False,False,False,False
01_0033,"Wheat, whole, raw",Gom,"Wheat, whole, raw Gom",Cereals,শস্যদানা,01,344.0,11.2,2.9,62.0,12.2,10.0,41.0,4.9,142.0,316.0,293.0,18.0,2.79,0.0,0.0,0.0,38.0,1.0,True,False,False,False
01_0034,"Biscuit, sweet* Misti biscuit","Biscuit, sweet* Misti biscuit","Biscuit, sweet* Misti biscuit",Cereals,শস্যদানা,01,344.0,5.8,10.0,56.7,2.4,24.3,83.0,2.1,32.0,131.0,116.0,83.0,0.87,0.0,0.0,0.0,7.0,1.0,False,False,True,False
01_0035,Plain Khichuri* Khichuri,Plain Khichuri* Khichuri,Plain Khichuri* Khichuri,Cereals,শস্যদানা,01,163.0,5.1,7.4,17.7,2.5,65.7,13.0,1.1,19.0,54.0,92.0,410.0,0.69,24.0,0.2,0.1,4.0,1.0,False,False,True,False
01_0036,Plain pulao* Plain pulao,Plain pulao* Plain pulao,Plain pulao* Plain pulao,Cereals,শস্যদানা,01,128.0,2.2,2.3,24.1,1.1,69.7,6.0,0.0,16.0,39.0,27.0,167.0,0.34,0.0,0.1,0.0,2.0,1.0,False,False,True,False
01_0037,"Rice, BR-28, boiled* (without salt)","Bhat, BR-28, bosa bhat","Rice, BR-28, boiled* (without salt) Bhat, BR-28, bosa bhat",Cereals,শস্যদানা,01,109.0,2.1,0.1,24.3,1.1,71.2,6.0,0.3,16.0,39.0,39.0,3.0,0.41,0.0,0.0,0.0,3.0,1.0,False,True,True,False
01_0038,"Bhat, siddha, dhekichata","Bhat, siddha, dhekichata","Bhat, siddha, dhekichata",Cereals,শস্যদানা,01,112.0,2.4,0.7,23.2,1.2,72.0,6.0,1.0,18.0,75.0,52.0,4.0,0.58,0.0,0.0,0.0,11.0,1.0,False,True,False,False
01_0039,"Bhat, lal, siddha, kolechata","Bhat, lal, siddha, kolechata","Bhat, lal, siddha, kolechata",Cereals,শস্যদানা,01,112.0,2.5,0.8,23.2,1.2,71.9,7.0,0.4,18.0,78.0,84.0,4.0,0.58,0.0,0.0,0.0,11.0,1.0,False,True,False,False
01_0040,"Bhat, Sugondhi, bosa bhat","Bhat, Sugondhi, bosa bhat","Bhat, Sugondhi, bosa bhat",Cereals,শস্যদানা,01,110.0,2.2,0.2,24.4,1.0,72.0,6.0,0.4,15.0,38.0,20.0,3.0,0.33,,,,,1.0,False,False,False,False
01_0041,"Rice, white, sunned, polished, Bhat, Atop, bosa bhat","Rice, white, sunned, polished, Bhat, Atop, bosa bhat","Rice, white, sunned, polished, Bhat, Atop, bosa bhat",Cereals,শস্যদানা,01,111.0,2.1,0.1,24.8,1.0,71.9,5.0,0.4,15.0,38.0,19.0,4.0,0.33,,,,,1.0,False,False,False,False
01_0042,Ruti* Ruti,Ruti* Ruti,Ruti* Ruti,Cereals,শস্যদানা,01,246.0,7.5,1.2,49.7,3.1,37.3,11.0,2.7,42.0,99.0,149.0,231.0,1.1,0.0,0.0,0.0,7.0,1.0,False,False,True,False
01_0043,"Vermicelli, boiled* (without salt)",Semai siddha,"Vermicelli, boiled* (without salt) Semai siddha",Cereals,শস্যদানা,01,151.0,3.9,0.3,32.6,1.4,61.6,11.0,0.9,19.0,38.0,49.0,4.0,0.57,,,,,1.0,False,True,True,False
02_0001,"Cholar dal, vanga","Cholar dal, vanga","Cholar dal, vanga",Pulses & Legumes,ডাল ও শিম,02,375.0,20.2,6.0,59.2,1.2,10.5,56.0,8.8,110.0,331.0,725.0,39.0,3.34,3.0,0.0,0.0,148.0,1.0,False,False,False,False
02_0002,"Bengal gram, whole, dried, raw","Chola, shukna","Bengal gram, whole, dried, raw Chola, shukna",Pulses & Legumes,ডাল ও শিম,02,350.0,20.4,6.0,44.8,17.4,8.9,203.0,8.8,130.0,368.0,716.0,33.0,2.68,3.0,0.0,0.0,186.0,1.0,True,False,False,False
02_0003,"Black gram, dehulled, dried, raw","Mashkalai dal, asto","Black gram, dehulled, dried, raw Mashkalai dal, asto",Pulses & Legumes,ডাল ও শিম,02,317.0,22.3,1.7,45.1,16.3,11.3,184.0,5.9,189.0,337.0,1121.0,33.0,2.31,2.0,0.0,0.0,140.0,1.0,True,False,False,False
02_0004,"Black gram, split, dried, raw","Maskalai dal, vanga","Black gram, split, dried, raw Maskalai dal, vanga",Pulses & Legumes,ডাল ও শিম,02,350.0,22.6,1.2,61.8,0.9,10.5,53.0,3.3,142.0,385.0,790.0,35.0,2.45,5.0,0.0,0.0,132.0,1.0,True,False,False,False
02_0005,"Green gram, split, dried, raw","Mung dal, vanga","Green gram, split, dried, raw Mung dal, vanga",Pulses & Legumes,ডাল ও শিম,02,351.0,23.7,1.2,60.9,0.7,9.8,69.0,7.2,147.0,315.0,1300.0,30.0,2.73,3.0,0.0,0.0,140.0,1.0,True,False,False,False
02_0006,"Green gram, whole, dried, raw",Mungkalai,"Green gram, whole, dried, raw Mungkalai",Pulses & Legumes,ডাল ও শিম,02,318.0,23.7,1.3,44.8,16.3,10.4,137.0,7.9,189.0,326.0,1780.0,28.0,2.68,3.0,0.0,0.0,140.0,1.0,True,False,False,False
02_0007,"Grass pea, split, dried, raw","Khesari dal, vanga","Grass pea, split, dried, raw Khesari dal, vanga",Pulses & Legumes,ডাল ও শিম,02,352.0,28.4,0.9,56.5,2.2,9.4,61.0,5.3,101.0,374.0,813.0,35.0,3.38,5.0,0.0,0.0,207.0,1.0,True,False,False,False
02_0008,"Lentil, dried, raw",Mosur dal,"Lentil, dried, raw Mosur dal",Pulses & Legumes,ডাল ও শিম,02,317.0,27.7,0.8,43.2,13.2,12.2,23.0,5.1,72.0,261.0,635.0,37.0,3.89,3.0,0.0,0.0,36.0,1.0,True,False,False,False
02_0009,"Pea, dried, raw",Motor,"Pea, dried, raw Motor",Pulses & Legumes,ডাল ও শিম,02,327.0,22.1,2.1,48.3,13.0,11.7,75.0,4.8,102.0,298.0,709.0,21.0,3.49,3.0,0.0,0.0,33.0,1.0,True,False,False,False
02_0010,"Red gram, split, dried, raw",Arhar dal,"Red gram, split, dried, raw Arhar dal",Pulses & Legumes,ডাল ও শিম,02,347.0,22.3,1.5,60.4,1.5,10.8,55.0,2.7,96.0,304.0,1100.0,29.0,2.1,3.0,0.0,0.0,103.0,1.0,True,False,False,False
02_0011,"Soybean, dried, raw",Gari kalai/Soyabean,"Soybean, dried, raw Gari kalai/Soyabean",Pulses & Legumes,ডাল ও শিম,02,424.0,32.9,19.9,23.6,9.3,9.2,241.0,11.3,207.0,691.0,1530.0,5.0,5.7,1.0,0.0,0.0,100.0,1.0,True,False,False,False
02_0012,"Chola siddha, lobon chara","Chola siddha, lobon chara","Chola siddha, lobon chara",Pulses & Legumes,ডাল ও শিম,02,182.0,10.6,3.1,23.3,9.1,52.5,94.0,4.0,59.0,172.0,280.0,16.0,1.26,2.0,0.0,0.0,48.0,1.0,False,True,False,False
02_0013,"Mung dal siddha, lobon chara","Mung dal siddha, lobon chara","Mung dal siddha, lobon chara",Pulses & Legumes,ডাল ও শিম,02,161.0,10.9,0.5,28.1,0.3,58.5,30.0,2.9,59.0,131.0,448.0,13.0,1.13,1.0,0.0,0.0,32.0,1.0,False,True,False,False
02_0014,"Grass pea, split, boiled* (without Khesari dal siddha, lobon",,"Grass pea, split, boiled* (without Khesari dal siddha, lobon",Pulses & Legumes,ডাল ও শিম,02,142.0,11.4,0.4,22.8,0.9,63.5,24.0,1.9,36.0,136.0,246.0,13.0,1.23,2.0,0.0,0.0,42.0,1.0,False,True,True,False
02_0015,"Lentil, boiled* (without salt)","Mosur dal siddha, lobon chara","Lentil, boiled* (without salt) Mosur dal siddha, lobon chara",Pulses & Legumes,ডাল ও শিম,02,155.0,13.6,0.4,21.2,6.5,56.9,12.0,2.2,31.0,115.0,234.0,16.0,1.72,1.0,0.0,0.0,9.0,1.0,False,True,True,False
02_0016,"Pea, boiled* (without salt)","Motor siddha, lobon chara","Pea, boiled* (without salt) Motor siddha, lobon chara",Pulses & Legumes,ডাল ও শিম,02,170.0,11.5,1.1,25.2,6.8,54.0,37.0,2.3,47.0,140.0,277.0,12.0,1.64,2.0,0.0,0.0,9.0,1.0,False,True,True,False
03_0001,"Amaranth, stem, raw",Data,"Amaranth, stem, raw Data",Vegetables,সবজি,03,21.0,0.9,0.1,3.7,1.2,92.3,,,,,,,,,,,,0.73,True,False,False,False
03_0002,"Bean, scarlet runner, raw",Shim,"Bean, scarlet runner, raw Shim",Vegetables,সবজি,03,54.0,3.9,0.1,8.3,2.0,85.0,44.0,1.1,25.0,34.0,220.0,0.0,0.48,32.0,8.7,0.0,60.0,0.59,True,False,False,False
03_0003,"Bean, seeds and pods, raw",Shim,"Bean, seeds and pods, raw Shim",Vegetables,সবজি,03,29.0,2.4,0.1,2.5,4.3,90.0,70.0,0.9,51.0,49.0,170.0,10.0,0.37,19.0,9.6,0.0,62.0,0.91,True,False,False,False
03_0004,"Beet root, red, raw",Beet,"Beet root, red, raw Beet",Vegetables,সবজি,03,46.0,2.0,0.1,7.9,2.8,85.8,15.0,1.0,23.0,40.0,325.0,78.0,0.35,1.0,14.5,0.0,109.0,0.85,True,False,False,False
03_0005,"Brinjal, purple, long, raw","Begun, kalo, lomba","Brinjal, purple, long, raw Begun, kalo, lomba",Vegetables,সবজি,03,24.0,1.9,0.1,2.0,4.1,91.4,21.0,0.4,24.0,47.0,178.0,8.0,0.57,4.0,1.3,0.0,34.0,0.94,True,False,False,False
03_0006,"Broad beans, raw",Makhon shim,"Broad beans, raw Makhon shim",Vegetables,সবজি,03,50.0,4.5,0.6,4.5,4.2,85.4,50.0,1.4,38.0,95.0,250.0,50.0,0.58,8.0,9.0,0.0,96.0,0.88,True,False,False,False
03_0007,"Cabbage, raw",Badhakopi,"Cabbage, raw Badhakopi",Vegetables,সবজি,03,24.0,1.5,0.3,2.6,2.5,92.7,30.0,0.5,15.0,30.0,170.0,8.0,0.4,5.0,16.1,0.0,43.0,0.88,True,False,False,False
03_0008,"Carrot, raw",Gajor,"Carrot, raw Gajor",Vegetables,সবজি,03,34.0,0.9,0.3,6.0,2.6,89.7,26.0,0.4,16.0,35.0,145.0,54.0,0.07,329.0,1.4,0.0,15.0,0.83,True,False,False,False
03_0009,"Cauliflower, raw",Fulkopi,"Cauliflower, raw Fulkopi",Vegetables,সবজি,03,27.0,2.6,0.3,2.5,2.0,91.8,33.0,0.8,22.0,44.0,299.0,20.0,0.41,1.0,72.7,0.0,57.0,0.45,True,False,False,False
03_0010,"Chilli, green, with seeds, raw",Kancha morich,"Chilli, green, with seeds, raw Kancha morich",Vegetables,সবজি,03,45.0,2.8,0.1,5.9,4.7,85.5,22.0,1.6,43.0,30.0,282.0,12.0,1.97,10.0,102.3,0.0,10.0,0.91,True,False,False,False
03_0011,"Cowpea, pods and seeds, raw",Borboti,"Cowpea, pods and seeds, raw Borboti",Vegetables,সবজি,03,39.0,3.0,0.4,2.8,6.0,87.0,54.0,0.5,51.0,53.0,431.0,23.0,1.01,,,,,0.9,True,False,False,False
03_0012,"Cucumber, peeled, raw",Shosa,"Cucumber, peeled, raw Shosa",Vegetables,সবজি,03,17.0,0.8,0.1,2.9,0.7,95.1,13.0,0.6,12.0,17.0,105.0,2.0,0.17,4.0,7.2,0.0,14.0,0.83,True,False,False,False
03_0013,"Drumstick, pods, raw",Sajna data,"Drumstick, pods, raw Sajna data",Vegetables,সবজি,03,43.0,2.9,0.2,5.1,4.8,85.2,24.0,0.2,28.0,110.0,259.0,42.0,0.16,,,,,0.63,True,False,False,False
03_0014,"Garlic, raw",Rosun,"Garlic, raw Rosun",Vegetables,সবজি,03,147.0,6.9,0.6,27.6,2.1,61.6,25.0,1.6,25.0,162.0,511.0,11.0,1.08,0.0,24.1,0.0,4.0,0.84,True,False,False,False
03_0015,"Gourd, ash, raw",Chalkumra,"Gourd, ash, raw Chalkumra",Vegetables,সবজি,03,10.0,0.4,0.1,1.0,1.7,96.5,30.0,0.8,17.0,14.0,139.0,39.0,0.1,,,,,0.67,True,False,False,False
03_0016,"Gourd, bitter, raw",Korola,"Gourd, bitter, raw Korola",Vegetables,সবজি,03,31.0,2.1,0.3,3.6,2.6,90.4,16.0,1.8,31.0,20.0,182.0,36.0,0.35,,,,,0.95,True,False,False,False
03_0017,"Gourd, bottle, raw",Lau,"Gourd, bottle, raw Lau",Vegetables,সবজি,03,34.0,1.1,0.1,6.8,0.6,90.8,26.0,0.7,11.0,53.0,150.0,39.0,0.58,,,,,0.87,True,False,False,False
03_0018,"Gourd, pointed, raw",Potol,"Gourd, pointed, raw Potol",Vegetables,সবজি,03,24.0,2.0,0.3,2.2,2.2,92.6,16.0,1.7,15.0,18.0,148.0,28.0,0.4,,,,,0.95,True,False,False,False
03_0019,"Gourd, ridge, raw",Jhinga,"Gourd, ridge, raw Jhinga",Vegetables,সবজি,03,29.0,1.3,0.4,4.6,1.1,92.4,21.0,1.3,14.0,32.0,139.0,39.0,0.5,2.0,4.6,0.0,7.0,0.82,True,False,False,False
03_0020,"Gourd, snake, raw",Chichinga,"Gourd, snake, raw Chichinga",Vegetables,সবজি,03,24.0,0.5,0.3,4.5,0.8,93.4,31.0,0.4,17.0,28.0,155.0,39.0,0.32,,,,,0.98,True,False,False,False
03_0021,"Gourd, sponge, raw",Dhundul,"Gourd, sponge, raw Dhundul",Vegetables,সবজি,03,24.0,0.9,0.2,4.3,1.1,92.9,19.0,0.6,14.0,32.0,139.0,39.0,0.5,,,,,0.94,True,False,False,False
03_0022,"Gourd, teasle, raw",Kakrol,"Gourd, teasle, raw Kakrol",Vegetables,সবজি,03,61.0,1.9,0.5,11.8,1.1,83.7,27.0,2.6,20.0,26.0,186.0,52.0,0.48,14.0,142.8,0.0,16.0,0.85,True,False,False,False
03_0023,"Okra/ladies finger, raw",Dheros,"Okra/ladies finger, raw Dheros",Vegetables,সবজি,03,39.0,2.1,0.2,5.7,3.1,87.7,93.0,0.9,20.0,28.0,178.0,37.0,0.34,19.0,17.5,0.0,60.0,0.84,True,False,False,False
03_0024,"Onion, raw",Piaj,"Onion, raw Piaj",Vegetables,সবজি,03,59.0,1.4,0.1,12.2,1.9,83.7,24.0,0.9,24.0,29.0,210.0,11.0,0.41,2.0,4.5,0.0,19.0,0.87,True,False,False,False
03_0025,"Papaya, unripe, raw",Kancha pepe,"Papaya, unripe, raw Kancha pepe",Vegetables,সবজি,03,30.0,0.8,0.1,5.7,1.5,90.6,15.0,0.6,56.0,15.0,129.0,7.0,0.22,,,,,0.66,True,False,False,False
03_0026,"Peas, raw",Motorshuti,"Peas, raw Motorshuti",Vegetables,সবজি,03,91.0,7.0,0.4,12.5,5.1,74.3,43.0,1.6,47.0,108.0,244.0,5.0,1.24,38.0,7.6,0.0,65.0,0.53,True,False,False,False
03_0027,"Plantain, raw",Kancha kola,"Plantain, raw Kancha kola",Vegetables,সবজি,03,77.0,2.0,0.3,15.5,2.3,78.9,22.0,0.6,28.0,21.0,242.0,4.0,0.14,56.0,7.3,0.0,22.0,0.58,True,False,False,False
03_0028,"Pumpkin, raw",Mistikumra,"Pumpkin, raw Mistikumra",Vegetables,সবজি,03,18.0,1.4,0.3,1.3,2.4,93.9,52.0,0.7,10.0,16.0,349.0,8.0,0.11,369.0,21.1,0.0,16.0,0.79,True,False,False,False
03_0029,"Radish, raw",Mula,"Radish, raw Mula",Vegetables,সবজি,03,18.0,0.9,0.1,2.5,1.6,94.3,24.0,0.4,15.0,23.0,142.0,40.0,0.38,0.0,17.3,0.0,25.0,0.99,True,False,False,False
03_0030,"Tomato, green, raw",Kancha tomato,"Tomato, green, raw Kancha tomato",Vegetables,সবজি,03,23.0,1.9,0.2,2.5,1.7,93.3,16.0,0.3,7.0,28.0,156.0,7.0,0.19,,,,,0.98,True,False,False,False
03_0031,"Tomato, red, ripe, raw",Paka tomato,"Tomato, red, ripe, raw Paka tomato",Vegetables,সবজি,03,16.0,1.1,0.2,1.4,1.7,95.0,13.0,0.2,7.0,24.0,156.0,7.0,0.41,9.0,12.3,0.0,15.0,1.0,True,False,False,False
03_0032,"Turnip, raw",Shalgom,"Turnip, raw Shalgom",Vegetables,সবজি,03,26.0,1.1,0.2,4.1,1.8,92.1,32.0,0.4,10.0,34.0,236.0,41.0,0.52,0.0,24.7,0.0,15.0,0.74,True,False,False,False
03_0033,"Begun siddha, lobon chara","Begun siddha, lobon chara","Begun siddha, lobon chara",Vegetables,সবজি,03,26.0,2.1,0.1,2.1,4.4,90.6,24.0,0.4,21.0,47.0,132.0,8.0,0.52,4.0,1.0,0.0,20.0,1.0,False,True,False,False
03_0034,"Cabbage, boiled* (without salt)",,"Cabbage, boiled* (without salt)",Vegetables,সবজি,03,27.0,1.7,0.4,2.9,2.8,91.7,35.0,0.5,12.0,31.0,97.0,9.0,0.34,5.0,7.3,0.0,24.0,1.0,False,True,True,False
03_0035,"Carrot, boiled* (without salt)","Gajor siddha, lobon chara","Carrot, boiled* (without salt) Gajor siddha, lobon chara",Vegetables,সবজি,03,43.0,1.1,0.3,7.3,3.1,87.3,34.0,0.5,14.0,39.0,81.0,40.0,0.07,364.0,0.7,0.0,9.0,1.0,False,True,True,False
03_0036,"Cauliflower, boiled* (without salt)","Fulkopi siddha, lobon chara","Cauliflower, boiled* (without salt) Fulkopi siddha, lobon chara",Vegetables,সবজি,03,28.0,2.7,0.3,2.7,2.1,91.4,36.0,0.8,20.0,42.0,214.0,18.0,0.37,1.0,46.6,0.0,32.0,1.0,False,True,True,False
03_0037,"Cowpea, boiled* (without salt)","Borboti siddha, lobon chara","Cowpea, boiled* (without salt) Borboti siddha, lobon chara",Vegetables,সবজি,03,40.0,3.1,0.4,3.0,6.3,86.5,54.0,0.5,43.0,50.0,306.0,20.0,0.9,,,,,1.0,False,True,True,False
03_0038,"Gourd, pointed, boiled* (without salt)","Potol siddha, lobon chara","Gourd, pointed, boiled* (without salt) Potol siddha, lobon chara",Vegetables,সবজি,03,28.0,2.3,0.4,2.5,2.5,91.6,20.0,1.7,15.0,18.0,115.0,26.0,0.39,,,,,1.0,False,True,True,False
03_0039,"Gourd, teasle, boiled* (without salt)","Kakrol siddha, lobon chara","Gourd, teasle, boiled* (without salt) Kakrol siddha, lobon chara",Vegetables,সবজি,03,69.0,2.2,0.5,13.4,1.3,81.5,31.0,2.6,19.0,27.0,144.0,46.0,0.46,15.0,99.0,0.0,10.0,1.0,False,True,True,False
03_0040,"Dheros siddha, lobon chara","Dheros siddha, lobon chara","Dheros siddha, lobon chara",Vegetables,সবজি,03,32.0,1.7,0.1,4.7,2.5,90.0,72.0,0.7,13.0,21.0,99.0,24.0,0.23,15.0,8.7,0.0,26.0,1.0,False,True,False,False
03_0041,"Papaya, unripe, boiled* (without salt)",,"Papaya, unripe, boiled* (without salt)",Vegetables,সবজি,03,32.0,0.8,0.1,6.1,1.6,89.9,17.0,0.6,48.0,15.0,94.0,8.0,0.2,,,,,1.0,False,True,True,False
03_0042,"Plantain, boiled* (without salt)",,"Plantain, boiled* (without salt)",Vegetables,সবজি,03,76.0,1.9,0.3,15.2,2.3,79.3,22.0,0.6,23.0,18.0,161.0,5.0,0.12,53.0,4.3,0.0,12.0,1.0,False,True,True,False
03_0043,"Pumpkin, boiled* (without salt)",,"Pumpkin, boiled* (without salt)",Vegetables,সবজি,03,29.0,2.2,0.5,2.1,3.8,90.4,79.0,1.1,14.0,23.0,371.0,13.0,0.14,554.0,20.1,0.0,14.0,1.0,False,True,True,False
03_0044,"Radish, boiled* (without salt)","Mula siddha, lobon chara","Radish, boiled* (without salt) Mula siddha, lobon chara",Vegetables,সবজি,03,24.0,1.2,0.1,3.3,2.1,92.4,35.0,0.5,14.0,28.0,86.0,33.0,0.38,0.0,9.2,0.0,17.0,1.0,False,True,True,False
03_0045,"Tomato, red, ripe, boiled* (without Paka tomato siddha, lobon",,"Tomato, red, ripe, boiled* (without Paka tomato siddha, lobon",Vegetables,সবজি,03,30.0,2.1,0.5,2.7,3.1,90.6,24.0,0.4,12.0,41.0,200.0,11.0,0.66,16.0,14.1,0.0,15.0,1.0,False,True,True,False
03_0046,Lady’s finger-tomato bhuna * Dheros-tomato bhuna,Lady’s finger-tomato bhuna * Dheros-tomato bhuna,Lady’s finger-tomato bhuna * Dheros-tomato bhuna,Vegetables,সবজি,03,127.0,3.4,7.4,9.0,5.0,72.1,128.0,1.4,31.0,50.0,319.0,565.0,0.67,26.0,24.5,0.0,60.0,1.0,False,True,True,False
03_0047,"Gourd, bitter, boiled* (without salt)","Korola siddha, lobon chara","Gourd, bitter, boiled* (without salt) Korola siddha, lobon chara",Vegetables,সবজি,03,35.0,2.3,0.4,4.1,3.0,89.0,20.0,1.8,29.0,20.0,141.0,33.0,0.34,,,,,1.0,False,True,True,False
03_0048,"Gourd, bitter, fry*","Gourd, bitter, fry*","Gourd, bitter, fry*",Vegetables,সবজি,03,130.0,3.1,9.1,7.1,4.1,74.0,27.0,2.9,48.0,34.0,304.0,469.0,0.61,30.0,103.2,0.0,45.0,1.0,False,True,True,False
04_0001,"Agathi, raw",Bok ful shak,"Agathi, raw Bok ful shak",Leafy Vegetables,শাক,04,88.0,8.4,1.8,5.7,7.9,73.1,,,,,,,,,,,,1.0,True,False,False,False
04_0003,"Amaranth, leaves, spiney, raw",Kanta notay shak,"Amaranth, leaves, spiney, raw Kanta notay shak",Leafy Vegetables,শাক,04,51.0,4.8,0.3,5.2,4.4,81.8,640.0,14.4,265.0,72.0,679.0,56.0,0.32,,,,,0.79,True,False,False,False
04_0004,"Amaranth, leaves, red, raw",Lal shak,"Amaranth, leaves, red, raw Lal shak",Leafy Vegetables,শাক,04,32.0,4.5,0.3,0.5,4.2,88.8,256.0,6.0,181.0,32.0,261.0,59.0,0.96,,,,,0.69,True,False,False,False
04_0005,"Amaranth, leaves, green, raw",Sobuj data shak,"Amaranth, leaves, green, raw Sobuj data shak",Leafy Vegetables,শাক,04,25.0,2.0,0.3,1.5,4.4,91.0,171.0,8.4,181.0,47.0,321.0,36.0,0.98,,,,,0.79,True,False,False,False
04_0006,"Dock leaves, raw","Chukai shak, bivinno projati","Dock leaves, raw Chukai shak, bivinno projati",Leafy Vegetables,শাক,04,46.0,3.1,0.7,5.9,1.8,86.4,74.0,6.7,82.0,48.0,602.0,14.0,0.43,,,,,1.0,True,False,False,False
04_0007,Beet greens leaves Beet shak,Beet greens leaves Beet shak,Beet greens leaves Beet shak,Leafy Vegetables,শাক,04,31.0,2.8,0.5,2.1,3.7,88.7,249.0,2.6,70.0,36.0,762.0,226.0,0.41,,,,,0.54,False,False,False,False
04_0008,"Bengal dayflower, leaves, raw",Bat baitta shak,"Bengal dayflower, leaves, raw Bat baitta shak",Leafy Vegetables,শাক,04,22.0,2.0,0.3,2.2,1.4,92.3,113.0,7.1,77.0,19.0,473.0,21.0,0.63,,,,,0.71,True,False,False,False
04_0009,"Bitter gourd leaves, green, raw",Korola shak,"Bitter gourd leaves, green, raw Korola shak",Leafy Vegetables,শাক,04,55.0,4.9,0.5,6.1,3.1,84.0,110.0,5.2,167.0,90.0,724.0,31.0,0.95,,,,,0.38,True,False,False,False
04_0010,"Bottle gourd leaves, raw",Lau shak,"Bottle gourd leaves, raw Lau shak",Leafy Vegetables,শাক,04,26.0,2.5,0.6,0.6,4.4,90.2,94.0,3.1,69.0,28.0,276.0,41.0,0.49,,,,,0.71,True,False,False,False
04_0011,"Bugleweed, raw",Sabarang,"Bugleweed, raw Sabarang",Leafy Vegetables,শাক,04,43.0,2.6,1.3,4.6,1.3,88.6,,,,,,,,,,,,0.71,True,False,False,False
04_0012,"Cassava, leaves, raw",Simei alu shak,"Cassava, leaves, raw Simei alu shak",Leafy Vegetables,শাক,04,62.0,4.7,1.2,5.7,4.8,82.4,201.0,4.9,54.0,36.0,303.0,22.0,0.45,,,,,0.85,True,False,False,False
04_0013,"Colocasia leaves, black, raw",Kalo kochu shak,"Colocasia leaves, black, raw Kalo kochu shak",Leafy Vegetables,শাক,04,62.0,5.6,1.2,5.3,3.7,81.8,392.0,2.1,130.0,39.0,763.0,48.0,0.98,,,,,0.7,True,False,False,False
04_0014,"Colocasia leaves, green, raw",Shobuj kochu shak,"Colocasia leaves, green, raw Shobuj kochu shak",Leafy Vegetables,শাক,04,51.0,4.0,1.1,4.4,3.7,84.7,235.0,4.9,61.0,40.0,764.0,47.0,0.68,,,,,0.8,True,False,False,False
04_0015,"Cowpea, leaves, raw",Borboti pata,"Cowpea, leaves, raw Borboti pata",Leafy Vegetables,শাক,04,34.0,3.4,0.7,1.7,3.6,89.0,290.0,5.1,60.0,61.0,475.0,44.0,0.5,,,,,0.8,True,False,False,False
04_0016,"Dima leaves, raw",Dima shak,"Dima leaves, raw Dima shak",Leafy Vegetables,শাক,04,33.0,1.7,1.0,3.6,1.0,91.1,,,,,,,,,,,,0.71,True,False,False,False
04_0017,"Drumstick, leaves, raw",Sajna pata,"Drumstick, leaves, raw Sajna pata",Leafy Vegetables,শাক,04,72.0,6.7,1.8,4.6,5.2,79.7,440.0,0.9,42.0,70.0,259.0,30.0,0.16,,,,,0.75,True,False,False,False
04_0018,"Fern, leaves, raw",Dheki shak,"Fern, leaves, raw Dheki shak",Leafy Vegetables,শাক,04,68.0,1.3,0.6,13.7,1.0,82.3,,,,,,,,,,,,1.0,True,False,False,False
04_0019,"Fenugreek, leaves, raw",Methi shak,"Fenugreek, leaves, raw Methi shak",Leafy Vegetables,শাক,04,50.0,4.4,0.9,5.0,2.1,86.1,395.0,1.9,41.0,51.0,31.0,76.0,0.34,,,,,0.59,True,False,False,False
04_0020,"Indian spinach, raw",Pui shak,"Indian spinach, raw Pui shak",Leafy Vegetables,শাক,04,25.0,2.4,0.3,2.1,2.2,91.8,111.0,2.2,179.0,31.0,187.0,69.0,0.35,,,,,0.71,True,False,False,False
04_0021,"Jute leaves, raw",Pat shak,"Jute leaves, raw Pat shak",Leafy Vegetables,শাক,04,32.0,2.9,0.3,1.7,5.8,87.6,120.0,9.7,42.0,60.0,225.0,60.0,1.47,,,,,0.69,True,False,False,False
04_0022,"Pumpkin leaves, raw",Misti kumra shak,"Pumpkin leaves, raw Misti kumra shak",Leafy Vegetables,শাক,04,29.0,2.4,0.4,2.8,2.1,90.8,40.0,2.2,38.0,104.0,436.0,11.0,0.2,,,,,0.71,True,False,False,False
04_0023,"Radish leaves, raw",Mula shak,"Radish leaves, raw Mula shak",Leafy Vegetables,শাক,04,32.0,1.8,0.7,3.4,2.6,90.7,147.0,2.8,20.0,41.0,260.0,70.0,0.48,,,,,0.9,True,False,False,False
04_0024,"Slender amaranth leaves, raw",Notay shak,"Slender amaranth leaves, raw Notay shak",Leafy Vegetables,শাক,04,47.0,4.1,0.5,4.3,4.4,83.9,227.0,5.4,32.0,50.0,670.0,56.0,1.2,,,,,0.79,True,False,False,False
04_0025,"Spinach, raw",Palong shak,"Spinach, raw Palong shak",Leafy Vegetables,শাক,04,26.0,3.0,0.5,0.9,2.9,90.8,90.0,2.2,52.0,45.0,471.0,171.0,0.9,,,,,0.87,True,False,False,False
04_0026,"Sweet potato leaves, raw",Misti alu shak,"Sweet potato leaves, raw Misti alu shak",Leafy Vegetables,শাক,04,45.0,4.0,0.8,1.8,7.3,84.0,194.0,2.7,50.0,81.0,497.0,47.0,0.32,,,,,1.0,True,False,False,False
04_0027,"Sweet potato leaves, SP4, dark green, mature, raw",Misti alu shak (SP4),"Sweet potato leaves, SP4, dark green, mature, raw Misti alu shak (SP4)",Leafy Vegetables,শাক,04,45.0,3.9,0.4,2.8,7.7,83.3,198.0,2.8,65.0,85.0,690.0,67.0,0.36,4.0,0.9,5380.0,84.0,1.0,True,False,False,False
04_0028,"Sweet potato leaves, SP7, dark green, mature, raw",Misti alu shak (SP7),"Sweet potato leaves, SP7, dark green, mature, raw Misti alu shak (SP7)",Leafy Vegetables,শাক,04,45.0,4.9,0.3,1.2,8.5,82.4,117.0,2.9,38.0,89.0,347.0,63.0,0.34,7.0,3.3,3310.0,88.0,1.0,True,False,False,False
04_0029,"Sweet potato leaves, SP8, light green, mature, raw",Misti alu shak (SP8),"Sweet potato leaves, SP8, light green, mature, raw Misti alu shak (SP8)",Leafy Vegetables,শাক,04,50.0,3.6,0.4,3.9,8.0,82.6,106.0,2.9,47.0,88.0,530.0,51.0,0.26,8.0,2.4,1421.0,87.0,1.0,True,False,False,False
04_0030,"Water spinach, raw",Kolmee shak,"Water spinach, raw Kolmee shak",Leafy Vegetables,শাক,04,43.0,1.9,0.4,6.0,3.7,87.1,107.0,2.2,19.0,36.0,207.0,107.0,0.51,,,,,0.71,True,False,False,False
04_0031,"Watercress, raw",Helencha shak,"Watercress, raw Helencha shak",Leafy Vegetables,শাক,04,49.0,2.0,0.5,8.8,0.5,87.4,31.0,1.9,27.0,52.0,230.0,49.0,0.52,530.0,43.0,0.0,45.0,0.75,True,False,False,False
04_0032,"Lal shak siddha, lobon chara","Lal shak siddha, lobon chara","Lal shak siddha, lobon chara",Leafy Vegetables,শাক,04,37.0,5.3,0.4,0.6,5.0,86.8,287.0,5.3,129.0,34.0,154.0,53.0,0.85,,,,,1.0,False,True,False,False
04_0033,"Amaranth, leaves, green, boiled* Sobuj data shak siddha, lobon",,"Amaranth, leaves, green, boiled* Sobuj data shak siddha, lobon",Leafy Vegetables,শাক,04,30.0,2.3,0.3,1.7,5.1,89.3,192.0,7.4,129.0,50.0,190.0,32.0,0.86,,,,,1.0,False,True,True,False
04_0034,"Notay shak siddha, lobon chara","Notay shak siddha, lobon chara","Notay shak siddha, lobon chara",Leafy Vegetables,শাক,04,55.0,4.8,0.6,5.1,5.1,81.1,255.0,4.8,23.0,53.0,395.0,50.0,1.06,,,,,1.0,False,True,False,False
04_0035,"Spinach, boiled* (without salt)","Palong shak siddha, lobon chara","Spinach, boiled* (without salt) Palong shak siddha, lobon chara",Leafy Vegetables,শাক,04,47.0,5.4,0.9,1.6,5.3,83.1,157.0,3.1,57.0,74.0,430.0,235.0,1.23,,,,,1.0,False,True,True,False
04_0036,"Indian spinach, boiled* (without",,"Indian spinach, boiled* (without",Leafy Vegetables,শাক,04,,,,,,,140.0,2.2,142.0,37.0,123.0,69.0,0.35,,,,,1.0,False,True,True,True
05_0001,"Colocasia/Taro, corm, raw",Kochur mukhi,"Colocasia/Taro, corm, raw Kochur mukhi",Roots & Tubers,মূল ও কন্দ,05,103.0,2.2,0.2,21.0,4.1,71.1,35.0,0.7,33.0,84.0,591.0,11.0,0.23,4.0,6.1,0.0,22.0,0.84,True,False,False,False
05_0002,"Colocasia/Taro/Tannia, cormel, raw",Dudh kochu,"Colocasia/Taro/Tannia, cormel, raw Dudh kochu",Roots & Tubers,মূল ও কন্দ,05,101.0,2.2,0.2,20.6,4.1,71.9,40.0,0.9,33.0,33.0,591.0,9.0,0.23,,,,,0.87,True,False,False,False
05_0003,"Elephant foot, corm, raw",Ole kochu,"Elephant foot, corm, raw Ole kochu",Roots & Tubers,মূল ও কন্দ,05,74.0,1.2,0.1,15.1,4.1,78.7,50.0,0.6,33.0,84.0,591.0,9.0,0.23,,,,,0.8,True,False,False,False
05_0004,"Giant taro, corm, raw",Mann kochu,"Giant taro, corm, raw Mann kochu",Roots & Tubers,মূল ও কন্দ,05,82.0,1.5,0.2,16.6,4.1,76.7,46.0,1.0,33.0,72.0,591.0,9.0,0.23,,,,,0.84,True,False,False,False
05_0005,"Potato, Diamond, raw","Gol alu, Diamond jat, khosa chara","Potato, Diamond, raw Gol alu, Diamond jat, khosa chara",Roots & Tubers,মূল ও কন্দ,05,66.0,1.2,0.2,14.0,2.1,81.7,11.0,0.5,21.0,40.0,286.0,16.0,0.79,2.0,19.1,0.0,18.0,0.84,True,False,False,False
05_0006,"Misti alu, Komola Sundori","Misti alu, Komola Sundori","Misti alu, Komola Sundori",Roots & Tubers,মূল ও কন্দ,05,97.0,0.9,0.3,21.1,3.0,73.7,30.0,0.6,25.0,38.0,214.0,22.0,0.3,719.0,23.0,0.0,11.0,0.84,False,False,False,False
05_0007,"Sweet potato, pale-yellow flesh, raw","Misti alu, holdey","Sweet potato, pale-yellow flesh, raw Misti alu, holdey",Roots & Tubers,মূল ও কন্দ,05,105.0,0.9,0.3,23.1,3.0,71.7,25.0,1.0,27.0,44.0,219.0,22.0,0.14,3.0,20.4,0.0,11.0,0.84,True,False,False,False
05_0008,"Misti alu, lal khosa","Misti alu, lal khosa","Misti alu, lal khosa",Roots & Tubers,মূল ও কন্দ,05,104.0,0.6,0.3,23.4,3.0,71.8,32.0,1.4,27.0,50.0,232.0,22.0,0.4,3.0,35.1,0.0,11.0,0.84,False,False,False,False
05_0009,"Sweet potato, white flesh, raw","Misti alu, sada","Sweet potato, white flesh, raw Misti alu, sada",Roots & Tubers,মূল ও কন্দ,05,98.0,0.6,0.3,21.8,3.0,73.5,25.0,1.5,25.0,50.0,232.0,21.0,0.38,1.0,20.3,0.0,11.0,0.84,True,False,False,False
05_0010,"Yam, tuber, raw","Bon alu, bivinno projati","Yam, tuber, raw Bon alu, bivinno projati",Roots & Tubers,মূল ও কন্দ,05,97.0,1.5,0.2,20.3,4.1,73.1,17.0,0.8,17.0,35.0,353.0,9.0,0.34,3.0,12.8,0.0,23.0,0.81,True,False,False,False
05_0011,"Colocasia/Taro, boiled* (without salt)","Kochur mukhi siddha, lobon chara","Colocasia/Taro, boiled* (without salt) Kochur mukhi siddha, lobon chara",Roots & Tubers,মূল ও কন্দ,05,115.0,2.5,0.2,23.6,4.6,67.5,40.0,0.8,35.0,88.0,530.0,12.0,0.23,4.0,4.8,0.0,16.0,1.0,False,True,True,False
05_0012,"Potato, Diamond, boiled* (without salt)","Gol alu siddha, lobon chara","Potato, Diamond, boiled* (without salt) Gol alu siddha, lobon chara",Roots & Tubers,মূল ও কন্দ,05,67.0,1.2,0.2,14.2,2.1,81.5,14.0,0.6,20.0,38.0,232.0,15.0,0.72,2.0,13.5,0.0,11.0,1.0,False,True,True,False
05_0013,"Sweet potato, pale-yellow flesh, boiled* Misti alu, holdey, siddha, lobon",,"Sweet potato, pale-yellow flesh, boiled* Misti alu, holdey, siddha, lobon",Roots & Tubers,মূল ও কন্দ,05,106.0,0.9,0.3,23.4,3.0,71.4,27.0,1.1,26.0,42.0,177.0,20.0,0.13,3.0,14.4,0.0,7.0,1.0,False,True,True,False
05_0014,"Sweet potato, white flesh, boiled* Misti alu, sada, siddha, lobon",,"Sweet potato, white flesh, boiled* Misti alu, sada, siddha, lobon",Roots & Tubers,মূল ও কন্দ,05,99.0,0.6,0.3,22.1,3.0,73.2,26.0,1.5,24.0,47.0,188.0,19.0,0.35,1.0,14.4,0.0,7.0,1.0,False,True,True,False
05_0015,"Sweet potato, skin purple, flesh pale- Misti alu, lal khosa, siddha,","Sweet potato, skin purple, flesh pale- Misti alu, lal khosa, siddha,","Sweet potato, skin purple, flesh pale- Misti alu, lal khosa, siddha,",Roots & Tubers,মূল ও কন্দ,05,106.0,0.6,0.3,23.6,3.0,71.4,33.0,1.4,26.0,47.0,188.0,20.0,0.37,3.0,24.9,0.0,7.0,1.0,False,True,False,False
05_0016,"Sweet potato, Komola Sundori, orange flesh, boiled","মিষ্টি আলু, কমলা সুন্দরী, সিদ্ধ","flesh, raw Sweet potato, Komola Sundori, orange Misti alu, Komola Sundori, siddha,",Roots & Tubers,মূল ও কন্দ,05,98.0,0.9,0.3,21.4,3.0,73.4,31.0,0.7,24.0,36.0,174.0,20.0,0.27,692.0,16.3,0.0,7.0,1.0,True,True,False,False
05_0017,"Dudh kochu siddha, lobon chara","Dudh kochu siddha, lobon chara","Dudh kochu siddha, lobon chara",Roots & Tubers,মূল ও কন্দ,05,113.0,2.4,0.2,23.1,4.6,68.5,46.0,1.1,35.0,34.0,530.0,10.0,0.23,,,,,1.0,False,True,False,False
05_0018,"Ole kochu siddha, lobon chara","Ole kochu siddha, lobon chara","Ole kochu siddha, lobon chara",Roots & Tubers,মূল ও কন্দ,05,83.0,1.3,0.1,16.9,4.6,76.1,56.0,0.7,35.0,88.0,530.0,10.0,0.23,,,,,1.0,False,True,False,False
05_0019,"Giant taro, corm, boiled* (without salt)","Mann kochu siddha, lobon chara","Giant taro, corm, boiled* (without salt) Mann kochu siddha, lobon chara",Roots & Tubers,মূল ও কন্দ,05,92.0,1.6,0.2,18.6,4.6,73.9,52.0,1.1,35.0,75.0,530.0,10.0,0.23,,,,,1.0,False,True,True,False
05_0020,"Yam, tuber, boiled* (without salt)","Bon alu siddha, lobon chara","Yam, tuber, boiled* (without salt) Bon alu siddha, lobon chara",Roots & Tubers,মূল ও কন্দ,05,109.0,1.7,0.2,22.8,4.6,69.8,21.0,0.9,19.0,36.0,316.0,10.0,0.34,3.0,10.0,0.0,16.0,1.0,False,True,True,False
05_0021,"Potato Mash* Alu siddha, lobon soho","Potato Mash* Alu siddha, lobon soho","Potato Mash* Alu siddha, lobon soho",Roots & Tubers,মূল ও কন্দ,05,84.0,1.4,0.8,16.6,2.5,77.0,14.0,0.6,23.0,44.0,273.0,310.0,0.85,3.0,16.5,0.0,14.0,1.0,False,True,True,False
06_0001,"Sunflower seeds, dried",Surjomukhi bij,"Sunflower seeds, dried Surjomukhi bij",Nuts & Seeds,বাদাম ও বীজ,06,552.0,17.1,40.1,26.4,8.6,4.7,78.0,5.3,325.0,660.0,645.0,9.0,5.0,2.0,0.0,0.0,227.0,0.54,False,False,False,False
06_0002,"Cashew nuts, raw",Hizlee badam,"Cashew nuts, raw Hizlee badam",Nuts & Seeds,বাদাম ও বীজ,06,595.0,18.0,46.9,23.5,3.3,5.9,50.0,5.0,292.0,593.0,660.0,12.0,5.78,1.0,0.0,0.0,25.0,1.0,True,False,False,False
06_0003,"Chilgoza pine, dried",Chilgoza,"Chilgoza pine, dried Chilgoza",Nuts & Seeds,বাদাম ও বীজ,06,712.0,13.7,68.4,8.7,3.7,2.9,41.0,4.9,251.0,575.0,597.0,2.0,6.45,1.0,0.5,0.0,34.0,1.0,False,False,False,False
06_0004,Coconut milk Narikel dudh,Coconut milk Narikel dudh,Coconut milk Narikel dudh,Nuts & Seeds,বাদাম ও বীজ,06,213.0,2.1,21.7,1.2,2.2,72.0,18.0,3.0,45.0,97.0,227.0,14.0,0.6,0.0,1.3,0.0,15.0,1.0,False,False,False,False
06_0005,"Coconut, desiccated Narikel, shukna","Coconut, desiccated Narikel, shukna","Coconut, desiccated Narikel, shukna",Nuts & Seeds,বাদাম ও বীজ,06,652.0,5.6,62.2,8.5,17.8,4.3,32.0,4.7,90.0,185.0,660.0,28.0,0.9,0.0,0.0,0.0,13.0,1.0,False,False,False,False
06_0006,"Coconut, mature kernel Narikel","Coconut, mature kernel Narikel","Coconut, mature kernel Narikel",Nuts & Seeds,বাদাম ও বীজ,06,389.0,3.3,36.7,6.9,9.2,42.9,16.0,2.2,37.0,117.0,424.0,16.0,0.74,0.0,3.3,0.0,23.0,0.78,False,False,False,False
06_0007,"Groundnuts/Peanut, raw",China badam,"Groundnuts/Peanut, raw China badam",Nuts & Seeds,বাদাম ও বীজ,06,585.0,22.5,46.6,14.8,8.5,5.3,76.0,2.9,189.0,403.0,688.0,10.0,3.39,0.0,0.0,0.0,175.0,1.0,True,False,False,False
06_0008,"Jackfruit seeds, raw",Kathal er bichi,"Jackfruit seeds, raw Kathal er bichi",Nuts & Seeds,বাদাম ও বীজ,06,151.0,5.6,0.4,30.4,1.5,60.1,,,,,,,,,,,,0.94,True,False,False,False
06_0009,"Linseed, raw",Tisi,"Linseed, raw Tisi",Nuts & Seeds,বাদাম ও বীজ,06,500.0,17.2,39.1,6.1,27.3,6.5,255.0,5.7,392.0,642.0,813.0,30.0,4.34,0.0,0.0,0.0,87.0,1.0,True,False,False,False
06_0010,"Lotus seeds, dried","Poddo gota, shukna","Lotus seeds, dried Poddo gota, shukna",Nuts & Seeds,বাদাম ও বীজ,06,339.0,16.3,2.2,61.6,4.1,12.7,147.0,5.6,210.0,626.0,1370.0,5.0,1.05,,,,,1.0,False,False,False,False
06_0011,"Lotus seeds, green Poddo gota, kancha","Lotus seeds, green Poddo gota, kancha","Lotus seeds, green Poddo gota, kancha",Nuts & Seeds,বাদাম ও বীজ,06,74.0,4.1,0.6,12.5,0.9,80.8,47.0,1.0,56.0,168.0,367.0,1.0,0.28,,,,,0.53,False,False,False,False
06_0012,"Mustard seeds, dried",Sarisha,"Mustard seeds, dried Sarisha",Nuts & Seeds,বাদাম ও বীজ,06,501.0,22.0,35.0,18.5,11.8,8.5,257.0,8.9,357.0,800.0,713.0,13.0,5.87,1.0,0.0,0.0,156.0,1.0,False,False,False,False
06_0013,"Pistachio nuts, dried",Pesta,"Pistachio nuts, dried Pesta",Nuts & Seeds,বাদাম ও বীজ,06,574.0,19.2,44.9,18.2,10.3,4.5,117.0,5.3,121.0,490.0,1020.0,1.0,2.2,16.0,5.3,0.0,51.0,0.52,False,False,False,False
06_0014,"Pumpkin seeds, dried",Mistikumrar bichi,"Pumpkin seeds, dried Mistikumrar bichi",Nuts & Seeds,বাদাম ও বীজ,06,580.0,25.1,47.3,10.6,6.0,6.3,45.0,8.1,431.0,1042.0,815.0,13.0,7.21,1.0,1.5,0.0,58.0,0.81,False,False,False,False
06_0015,"Sesame seeds, whole, dried",Til,"Sesame seeds, whole, dried Til",Nuts & Seeds,বাদাম ও বীজ,06,563.0,17.7,45.8,14.3,11.7,5.3,969.0,10.5,349.0,625.0,465.0,11.0,7.7,0.0,0.0,0.0,97.0,1.0,False,False,False,False
06_0016,Walnuts Akhrot,Walnuts Akhrot,Walnuts Akhrot,Nuts & Seeds,বাদাম ও বীজ,06,684.0,15.2,64.5,7.3,6.7,4.5,100.0,4.8,158.0,346.0,441.0,2.0,3.09,1.0,1.3,0.0,98.0,0.45,False,False,False,False
07_0001,"Bay leaf, dried",Tejpata,"Bay leaf, dried Tejpata",Spices & Condiments,মশলা,07,353.0,7.6,8.4,48.7,26.3,5.4,834.0,43.0,120.0,113.0,529.0,23.0,3.7,,,,,1.0,False,False,False,False
07_0002,Cardamom Elach,Cardamom Elach,Cardamom Elach,Spices & Condiments,মশলা,07,261.0,10.2,2.2,37.8,24.4,20.0,130.0,4.6,173.0,160.0,976.0,16.0,2.81,,,,,1.0,False,False,False,False
07_0003,"Chilli, red, dry Shukna morich","Chilli, red, dry Shukna morich","Chilli, red, dry Shukna morich",Spices & Condiments,মশলা,07,313.0,15.9,6.2,35.2,26.6,10.0,160.0,2.3,152.0,293.0,2010.0,30.0,2.48,,,,,0.94,False,False,False,False
07_0004,"Cinnamon, ground Darchini gura","Cinnamon, ground Darchini gura","Cinnamon, ground Darchini gura",Spices & Condiments,মশলা,07,243.0,4.0,1.2,27.5,53.1,10.6,1000.0,8.3,60.0,64.0,431.0,10.0,1.83,,,,,1.0,False,False,False,False
07_0005,"Cloves, dried",Labongo,"Cloves, dried Labongo",Spices & Condiments,মশলা,07,267.0,5.2,8.9,27.4,28.1,25.2,740.0,4.9,215.0,86.0,847.0,230.0,1.93,,,,,1.0,False,False,False,False
07_0006,"Coriander leaves, raw",Dhone pata,"Coriander leaves, raw Dhone pata",Spices & Condiments,মশলা,07,30.0,3.3,0.5,0.1,5.9,87.9,160.0,1.4,34.0,30.0,396.0,58.0,0.32,,,,,0.7,True,False,False,False
07_0007,"Coriander seed, dry Dhonia","Coriander seed, dry Dhonia","Coriander seed, dry Dhonia",Spices & Condiments,মশলা,07,336.0,14.1,16.1,13.4,40.8,11.2,630.0,17.9,322.0,398.0,1230.0,34.0,4.58,,,,,1.0,False,False,False,False
07_0008,Cumin seeds Jira,Cumin seeds Jira,Cumin seeds Jira,Spices & Condiments,মশলা,07,402.0,18.3,17.6,37.2,10.5,10.0,1020.0,44.5,404.0,507.0,1380.0,148.0,3.89,,,,,1.0,False,False,False,False
07_0009,Fennel seeds Mauri,Fennel seeds Mauri,Fennel seeds Mauri,Spices & Condiments,মশলা,07,329.0,15.8,14.9,13.0,39.8,8.3,1200.0,16.4,387.0,495.0,1680.0,88.0,3.7,,,,,1.0,False,False,False,False
07_0010,Fenugreek seeds Methi,Fenugreek seeds Methi,Fenugreek seeds Methi,Spices & Condiments,মশলা,07,330.0,21.8,6.9,32.8,24.6,10.7,155.0,23.6,181.0,318.0,710.0,55.0,4.7,,,,,1.0,False,False,False,False
07_0011,"Ginger root, raw",Ada,"Ginger root, raw Ada",Spices & Condiments,মশলা,07,72.0,1.9,0.8,13.3,2.0,81.1,17.0,1.1,40.0,32.0,387.0,12.0,0.36,,,,,0.86,True,False,False,False
07_0012,"Indian pennywort, raw",Thankuni pata,"Indian pennywort, raw Thankuni pata",Spices & Condiments,মশলা,07,37.0,2.3,0.5,1.6,8.7,84.5,119.0,3.2,56.0,45.0,508.0,200.0,1.84,,,,,0.9,True,False,False,False
07_0013,"Lemon grass, raw",,"Lemon grass, raw",Spices & Condiments,মশলা,07,,,,,,,50.0,2.8,60.0,30.0,196.0,9.0,0.6,,,,,1.0,True,False,False,True
07_0014,"Lemon peel, raw",Lebur khosa,"Lemon peel, raw Lebur khosa",Spices & Condiments,মশলা,07,65.0,1.6,0.4,8.7,10.6,77.8,306.0,0.9,15.0,12.0,160.0,6.0,0.25,,,,,1.0,True,False,False,False
07_0015,"Mace, ground Jayitri, gura","Mace, ground Jayitri, gura","Mace, ground Jayitri, gura",Spices & Condiments,মশলা,07,415.0,6.5,24.4,33.1,18.5,15.9,180.0,12.6,213.0,100.0,424.0,73.0,1.26,,,,,1.0,False,False,False,False
07_0016,"Nutmeg, dried",Jayfol,"Nutmeg, dried Jayfol",Spices & Condiments,মশলা,07,480.0,7.5,36.4,21.1,19.0,14.3,120.0,4.6,229.0,240.0,320.0,15.0,1.22,5.0,0.0,0.0,69.0,0.85,False,False,False,False
07_0017,"Pepper, black Golmorich","Pepper, black Golmorich","Pepper, black Golmorich",Spices & Condiments,মশলা,07,302.0,11.8,3.3,43.5,25.3,11.7,443.0,16.7,185.0,167.0,1280.0,36.0,1.34,27.0,0.0,0.0,14.0,1.0,False,False,False,False
07_0018,Poppy seeds Posto dana,Poppy seeds Posto dana,Poppy seeds Posto dana,Spices & Condiments,মশলা,07,523.0,17.2,43.1,6.8,19.5,5.7,1490.0,9.6,339.0,860.0,710.0,24.0,9.05,0.0,1.0,0.0,82.0,1.0,False,False,False,False
07_0019,"Spearmint leaves, fresh Pudina pata","Spearmint leaves, fresh Pudina pata","Spearmint leaves, fresh Pudina pata",Spices & Condiments,মশলা,07,35.0,3.0,0.7,0.6,6.9,87.4,110.0,15.6,42.0,62.0,355.0,30.0,1.76,62.0,22.0,0.0,114.0,0.45,False,False,False,False
07_0020,"Turmeric, dried",Holud,"Turmeric, dried Holud",Spices & Condiments,মশলা,07,335.0,6.9,8.4,47.3,21.1,11.5,168.0,33.2,192.0,279.0,2720.0,35.0,3.78,1.0,0.0,0.0,39.0,1.0,False,False,False,False
08_0001,"Apple, without skin, raw","Apel, khosa chara","Apple, without skin, raw Apel, khosa chara",Fruits,ফল,08,51.0,0.3,0.1,11.5,1.3,86.7,5.0,0.1,4.0,11.0,90.0,0.0,0.05,2.0,4.0,0.0,0.0,0.77,True,False,False,False
08_0002,"Apple, with skin, raw","Apel, khosa soho","Apple, with skin, raw Apel, khosa soho",Fruits,ফল,08,62.0,0.3,0.2,13.5,2.4,83.3,6.0,0.1,5.0,11.0,107.0,1.0,0.04,3.0,4.0,0.0,3.0,0.9,True,False,False,False
08_0003,"Asian pears, raw",Nashpati,"Asian pears, raw Nashpati",Fruits,ফল,08,62.0,0.6,0.3,12.3,3.6,83.0,6.0,0.5,8.0,11.0,131.0,6.0,0.08,0.0,3.8,0.0,8.0,0.85,True,False,False,False
08_0004,"Banana, Sagar, ripe, raw","Kola, Sagar, paka","Banana, Sagar, ripe, raw Kola, Sagar, paka",Fruits,ফল,08,95.0,1.3,0.8,19.2,2.6,75.2,11.0,0.3,23.0,36.0,411.0,10.0,0.24,2.0,1.0,0.0,20.0,0.74,True,False,False,False
08_0005,"Breadfruit, raw",Madar,"Breadfruit, raw Madar",Fruits,ফল,08,70.0,1.5,0.2,13.0,4.9,79.5,40.0,0.5,25.0,30.0,490.0,2.0,0.12,2.0,21.0,0.0,14.0,0.78,True,False,False,False
08_0006,"Bullocks Heart, ripe, raw",Nona ata,"Bullocks Heart, ripe, raw Nona ata",Fruits,ফল,08,81.0,1.4,0.2,15.7,5.2,76.8,,,,,,,,,,,,0.72,True,False,False,False
08_0007,"Carambola, raw",Kamranga,"Carambola, raw Kamranga",Fruits,ফল,08,41.0,0.5,0.7,6.7,2.8,88.7,10.0,0.8,19.0,23.0,128.0,4.0,0.38,7.0,49.4,0.0,12.0,1.0,True,False,False,False
08_0008,"Custard apple, raw",Atafol,"Custard apple, raw Atafol",Fruits,ফল,08,85.0,1.8,0.3,16.6,4.4,76.1,17.0,1.0,25.0,47.0,366.0,9.0,0.33,,,,,0.45,True,False,False,False
08_0009,"Dates, dried",Khorma,"Dates, dried Khorma",Fruits,ফল,08,301.0,2.2,0.6,67.5,8.3,18.0,63.0,1.9,24.0,76.0,824.0,14.0,0.4,3.0,0.4,0.0,20.0,0.75,False,False,False,False
08_0010,"Dates, raw","Khejur, paka, taza","Dates, raw Khejur, paka, taza",Fruits,ফল,08,150.0,1.2,0.4,33.4,4.1,59.2,22.0,1.0,12.0,38.0,410.0,7.0,0.2,,,,,0.75,True,False,False,False
08_0011,"Elephant apple, ripe, raw",Kodbel,"Elephant apple, ripe, raw Kodbel",Fruits,ফল,08,64.0,3.1,0.4,10.3,3.5,80.9,74.0,0.7,40.0,64.0,360.0,2.0,0.37,,,,,0.75,True,False,False,False
08_0012,"Emblic, raw",Amloki,"Emblic, raw Amloki",Fruits,ফল,08,44.0,0.8,0.1,8.3,3.4,86.7,32.0,0.9,28.0,25.0,225.0,4.0,0.3,,,,,0.89,True,False,False,False
08_0013,"Fig, ripe, raw","Dumur, paka","Fig, ripe, raw Dumur, paka",Fruits,ফল,08,40.0,1.3,0.2,6.7,3.1,88.1,80.0,1.1,17.0,31.0,232.0,1.0,0.15,7.0,5.0,0.0,5.0,0.99,True,False,False,False
08_0014,"Grapes, green, raw","Angur, halka sobuj","Grapes, green, raw Angur, halka sobuj",Fruits,ফল,08,94.0,0.5,0.6,20.2,2.9,75.3,22.0,0.5,82.0,30.0,191.0,2.0,0.07,3.0,29.0,0.0,8.0,0.95,True,False,False,False
08_0015,"Guava, green, raw","Peyara, bivinno projati, kancha","Guava, green, raw Peyara, bivinno projati, kancha",Fruits,ফল,08,63.0,1.0,0.5,10.9,5.4,81.4,17.0,0.7,25.0,18.0,261.0,6.0,0.31,33.0,228.3,0.0,49.0,1.0,True,False,False,False
08_0016,"Hog plum, raw",Amra,"Hog plum, raw Amra",Fruits,ফল,08,51.0,1.1,0.8,8.9,1.6,86.7,57.0,2.8,40.0,11.0,175.0,1.0,0.17,,,,,0.65,True,False,False,False
08_0017,"Jackfruit, ripe, raw","Kathal, paka","Jackfruit, ripe, raw Kathal, paka",Fruits,ফল,08,74.0,1.2,0.2,13.3,7.2,77.0,13.0,0.3,42.0,41.0,268.0,1.0,0.59,2.0,3.4,0.0,24.0,0.37,True,False,False,False
08_0018,"Jambolan, raw",Kalojam,"Jambolan, raw Kalojam",Fruits,ফল,08,39.0,0.9,0.5,6.1,3.5,88.2,23.0,0.8,37.0,16.0,172.0,28.0,0.21,,,,,0.81,True,False,False,False
08_0019,"Jambos, raw",Jamrul,"Jambos, raw Jamrul",Fruits,ফল,08,40.0,0.7,0.3,8.0,1.2,89.5,9.0,0.3,4.0,30.0,104.0,34.0,0.08,,,,,1.0,True,False,False,False
08_0020,"Java apple, raw",Golapjam,"Java apple, raw Golapjam",Fruits,ফল,08,35.0,0.7,0.2,6.9,1.6,89.9,10.0,0.3,23.0,18.0,143.0,6.0,0.39,,,,,1.0,True,False,False,False
08_0021,"Jujube, raw",,"Jujube, raw",Fruits,ফল,08,,,,,,,14.0,0.8,25.0,33.0,354.0,7.0,0.32,,,,,1.0,True,False,False,True
08_0022,"Lemon, Kagoji, raw","Lebu, Kagoji","Lemon, Kagoji, raw Lebu, Kagoji",Fruits,ফল,08,56.0,0.8,1.0,10.2,1.3,86.0,65.0,0.3,11.0,10.0,377.0,2.0,0.07,4.0,45.9,0.0,17.0,0.76,True,False,False,False
08_0023,"Lime, sweet, raw",Mushambee,"Lime, sweet, raw Mushambee",Fruits,ফল,08,42.0,0.7,0.5,8.5,0.5,89.3,35.0,0.5,8.0,23.0,490.0,2.0,0.1,2.0,48.5,0.0,11.0,0.7,True,False,False,False
08_0024,"Lychee, raw",Lichu,"Lychee, raw Lichu",Fruits,ফল,08,62.0,1.4,0.5,10.2,5.5,81.8,11.0,0.5,15.0,17.0,131.0,1.0,0.27,,,,,0.68,True,False,False,False
08_0025,"Mango, Fazli, orange flesh, ripe, raw","Aam, Fazli, paka","Mango, Fazli, orange flesh, ripe, raw Aam, Fazli, paka",Fruits,ফল,08,70.0,0.9,0.5,14.7,1.6,81.7,14.0,0.5,15.0,20.0,205.0,1.0,0.87,292.0,34.7,0.0,71.0,0.69,True,False,False,False
08_0026,"Mango, Langra, yellow flesh, ripe, raw","Aam, Langra, paka","Mango, Langra, yellow flesh, ripe, raw Aam, Langra, paka",Fruits,ফল,08,82.0,0.8,0.4,18.0,1.6,78.4,13.0,0.2,15.0,16.0,181.0,0.4,0.6,25.0,103.0,0.0,71.0,0.69,True,False,False,False
08_0027,"Melon, Futi, orange flesh, ripe, raw","Futi, paka","Melon, Futi, orange flesh, ripe, raw Futi, paka",Fruits,ফল,08,17.0,0.3,0.2,3.1,1.0,95.0,17.0,0.2,21.0,14.0,211.0,3.0,0.06,105.0,33.9,0.0,21.0,0.9,True,False,False,False
08_0028,Dewa,Dewa,Dewa,Fruits,ফল,08,103.0,1.2,0.7,21.1,3.6,72.3,57.0,0.8,24.0,23.0,348.0,46.0,1.68,,,,,0.71,False,False,False,False
08_0029,"Bangee, paka","Bangee, paka","Bangee, paka",Fruits,ফল,08,16.0,0.3,0.2,2.8,0.8,95.5,21.0,0.0,20.0,35.0,130.0,7.0,0.06,4.0,26.0,0.0,21.0,0.9,False,False,False,False
08_0030,"Orange juice, raw (unsweetened) Komolar ross",,"Orange juice, raw (unsweetened) Komolar ross",Fruits,ফল,08,9.0,0.2,0.1,1.7,0.2,97.7,5.0,0.7,8.0,13.0,150.0,10.0,0.05,2.0,64.0,0.0,6.0,1.0,True,False,False,False
08_0031,"Orange, raw",Komola,"Orange, raw Komola",Fruits,ফল,08,44.0,0.7,0.2,8.7,2.4,87.7,23.0,0.2,17.0,25.0,132.0,5.0,0.07,19.0,54.0,0.0,30.0,0.67,True,False,False,False
08_0032,"Orange, sweet, ripe, raw","Malta, paka","Orange, sweet, ripe, raw Malta, paka",Fruits,ফল,08,49.0,0.2,0.1,10.7,2.4,86.3,31.0,0.1,10.0,14.0,181.0,2.0,0.07,11.0,54.0,0.0,46.0,0.67,True,False,False,False
08_0034,"Taal, paka","Taal, paka","Taal, paka",Fruits,ফল,08,78.0,0.5,0.4,17.8,0.7,79.7,16.0,1.7,14.0,58.0,239.0,2.0,0.27,,,,,0.35,False,False,False,False
08_0035,"Papaya, ripe, raw","Pepe, paka","Papaya, ripe, raw Pepe, paka",Fruits,ফল,08,33.0,0.6,0.1,6.5,1.7,90.5,29.0,0.3,10.0,11.0,182.0,4.0,0.17,60.0,61.8,0.0,58.0,0.75,True,False,False,False
08_0036,"Persimmon, ripe, raw","Gab, Bilati, paka","Persimmon, ripe, raw Gab, Bilati, paka",Fruits,ফল,08,67.0,0.7,0.2,13.9,3.6,81.2,24.0,0.2,15.0,17.0,180.0,5.0,0.07,81.0,12.8,0.0,8.0,0.84,True,False,False,False
08_0037,"Pineapple, Joldugee, ripe, raw","Anaros, Joldugee, paka","Pineapple, Joldugee, ripe, raw Anaros, Joldugee, paka",Fruits,ফল,08,43.0,0.8,0.4,8.3,1.4,88.7,20.0,1.6,12.0,7.0,122.0,42.0,0.6,,,,,0.6,True,False,False,False
08_0038,"Pineapple, ripe, raw","Anaros, paka","Pineapple, ripe, raw Anaros, paka",Fruits,ফল,08,47.0,1.0,0.1,9.7,1.4,87.2,18.0,0.7,32.0,9.0,175.0,13.0,0.22,5.0,33.9,0.0,12.0,0.62,True,False,False,False
08_0039,"Pomegranate, ripe, with seed, raw","Bedana, paka, bichi soho","Pomegranate, ripe, with seed, raw Bedana, paka, bichi soho",Fruits,ফল,08,67.0,1.6,0.2,12.7,4.0,80.9,21.0,0.3,44.0,70.0,133.0,1.0,0.82,3.0,26.0,0.0,38.0,0.8,True,False,False,False
08_0040,"Pomelo, raw",Zambura,"Pomelo, raw Zambura",Fruits,ফল,08,38.0,0.4,0.3,7.7,1.0,89.9,36.0,0.2,15.0,21.0,235.0,1.0,0.06,3.0,121.7,0.0,26.0,0.77,True,False,False,False
08_0041,"Tamarind, pulp, ripe, raw","Tetul, paka","Tamarind, pulp, ripe, raw Tetul, paka",Fruits,ফল,08,270.0,3.2,0.4,60.8,5.1,27.9,127.0,4.0,86.0,120.0,700.0,19.0,0.11,1.0,11.2,0.0,15.0,0.41,True,False,False,False
08_0042,"Watermelon, ripe, raw","Tarmuz, lal, paka","Watermelon, ripe, raw Tarmuz, lal, paka",Fruits,ফল,08,22.0,0.5,0.2,4.4,0.4,94.2,12.0,0.4,11.0,12.0,107.0,17.0,0.15,29.0,23.9,0.0,3.0,0.78,True,False,False,False
08_0043,"Wood apple, ripe, raw","Bel, paka","Wood apple, ripe, raw Bel, paka",Fruits,ফল,08,111.0,2.9,0.3,20.9,7.0,68.5,41.0,0.4,13.0,50.0,493.0,7.0,0.26,,,,,0.64,True,False,False,False
09_0001,"Anchovy, Gangetic hairfin, dried","Fesha, shutki","Anchovy, Gangetic hairfin, dried Fesha, shutki",Fish & Seafood,মাছ ও সামুদ্রিক খাবার,09,328.0,70.9,4.9,0.0,0.0,10.3,,,,,,,,,,,,1.0,False,False,False,False
09_0002,"Anchovy, Gangetic hairfin, raw",Fesha,"Anchovy, Gangetic hairfin, raw Fesha",Fish & Seafood,মাছ ও সামুদ্রিক খাবার,09,105.0,17.7,3.8,0.0,0.0,74.8,452.0,1.8,39.0,217.0,276.0,51.0,3.2,,,,,1.0,True,False,False,False
09_0003,"Anchovy, Gold spotted grebadier, raw",,"Anchovy, Gold spotted grebadier, raw",Fish & Seafood,মাছ ও সামুদ্রিক খাবার,09,,,,,,,449.0,4.5,38.0,238.0,276.0,60.0,1.25,,,,,1.0,True,False,False,True
09_0004,"Anchovy, Scaly hairfin, raw","Fesha, Teli","Anchovy, Scaly hairfin, raw Fesha, Teli",Fish & Seafood,মাছ ও সামুদ্রিক খাবার,09,101.0,19.3,2.7,0.0,0.0,75.3,327.0,2.3,38.0,175.0,338.0,40.0,1.6,,,,,1.0,True,False,False,False
09_0005,"Barb, Olive, raw",,"Barb, Olive, raw",Fish & Seafood,মাছ ও সামুদ্রিক খাবার,09,,,,,,,227.0,0.6,21.0,151.0,267.0,43.0,0.74,,,,,1.0,True,False,False,True
09_0006,"Barb, Olive, without bones, raw","Sorpunti, kata chara","Barb, Olive, without bones, raw Sorpunti, kata chara",Fish & Seafood,মাছ ও সামুদ্রিক খাবার,09,175.0,17.4,11.7,0.0,0.0,70.6,24.0,0.6,21.0,156.0,195.0,43.0,0.74,,,,,0.54,True,False,False,False
09_0008,"soho Barb, Pool barb, without bones, eyes Punti, Vadi punti, chokh","soho Barb, Pool barb, without bones, eyes Punti, Vadi punti, chokh","soho Barb, Pool barb, without bones, eyes Punti, Vadi punti, chokh",Fish & Seafood,মাছ ও সামুদ্রিক খাবার,09,94.0,17.6,2.6,0.0,0.0,76.6,110.0,2.0,38.0,96.0,238.0,53.0,3.0,,,,,0.77,False,False,False,False
09_0009,"Bata, raw",Bata,"Bata, raw Bata",Fish & Seafood,মাছ ও সামুদ্রিক খাবার,09,106.0,15.9,4.7,0.0,0.0,74.6,493.0,1.2,33.0,200.0,201.0,83.0,0.94,,,,,0.77,True,False,False,False
09_0010,"Boal, without bones, raw","Boal, kata chara","Boal, without bones, raw Boal, kata chara",Fish & Seafood,মাছ ও সামুদ্রিক খাবার,09,80.0,15.4,2.1,0.0,0.0,80.8,83.0,0.8,37.0,134.0,146.0,63.0,0.27,,,,,0.59,True,False,False,False
09_0011,"Bronze feather back, raw",Foli,"Bronze feather back, raw Foli",Fish & Seafood,মাছ ও সামুদ্রিক খাবার,09,80.0,17.8,1.0,0.0,0.0,75.8,590.0,1.0,35.0,450.0,310.0,34.0,0.74,,,,,0.79,True,False,False,False
09_0012,"Calbasu, without bones, raw",Kalbaush,"Calbasu, without bones, raw Kalbaush",Fish & Seafood,মাছ ও সামুদ্রিক খাবার,09,95.0,17.0,3.0,0.0,0.0,76.7,13.0,1.1,27.0,141.0,287.0,100.0,0.36,,,,,0.9,True,False,False,False
09_0013,"Catfish, Bacha, raw",Bacha,"Catfish, Bacha, raw Bacha",Fish & Seafood,মাছ ও সামুদ্রিক খাবার,09,122.0,16.1,6.4,0.0,0.0,72.2,,,,,,,,,,,,0.76,True,False,False,False
09_0014,"Catfish, Pabda, raw",Pabda,"Catfish, Pabda, raw Pabda",Fish & Seafood,মাছ ও সামুদ্রিক খাবার,09,95.0,17.3,2.8,0.0,0.0,73.7,267.0,1.2,18.0,266.0,353.0,105.0,1.25,,,,,0.61,True,False,False,False
09_0015,"Catla, raw",Katla,"Catla, raw Katla",Fish & Seafood,মাছ ও সামুদ্রিক খাবার,09,103.0,19.9,2.6,0.0,0.0,76.7,530.0,0.6,36.0,235.0,293.0,56.0,0.48,,,,,0.59,True,False,False,False
09_0016,"Chanda, Indian glassy fish, eyes included","চান্দা, রাঙ্গা, চোখ সহ","(kcal) kJ (g) (g) (g) available (g) (g) Chanda, Indian glaasy fish, eyes Chanda, ranga, chokh",Fish & Seafood,মাছ ও সামুদ্রিক খাবার,09,115.0,15.5,5.9,0.0,0.0,74.8,,,,,,,,,,,,1.0,False,False,False,False
09_0017,"Koi, deshi, chokh soho","Koi, deshi, chokh soho","Koi, deshi, chokh soho",Fish & Seafood,মাছ ও সামুদ্রিক খাবার,09,130.0,17.5,6.6,0.0,0.0,73.0,410.0,1.2,53.0,390.0,214.0,52.0,1.13,,,,,0.57,False,False,False,False
09_0018,"Koi, Thai, chokh soho","Koi, Thai, chokh soho","Koi, Thai, chokh soho",Fish & Seafood,মাছ ও সামুদ্রিক খাবার,09,139.0,17.5,7.7,0.0,0.0,73.0,64.0,1.2,53.0,161.0,214.0,52.0,1.13,,,,,0.57,False,False,False,False
09_0019,"Chital, kata chara","Chital, kata chara","Chital, kata chara",Fish & Seafood,মাছ ও সামুদ্রিক খাবার,09,96.0,17.8,2.8,0.0,0.0,77.3,104.0,1.6,23.0,197.0,203.0,114.0,0.61,,,,,0.8,False,False,False,False
09_0020,"Common carp, without bones, raw","Common carp, kata chara","Common carp, without bones, raw Common carp, kata chara",Fish & Seafood,মাছ ও সামুদ্রিক খাবার,09,88.0,18.7,1.5,0.0,0.0,79.0,47.0,0.9,25.0,240.0,228.0,93.0,0.73,2.0,0.0,6.6,15.0,0.54,True,False,False,False
09_0021,"Poa, kata chara","Poa, kata chara","Poa, kata chara",Fish & Seafood,মাছ ও সামুদ্রিক খাবার,09,100.0,18.6,2.9,0.0,0.0,75.8,32.0,0.4,28.0,162.0,341.0,77.0,0.65,17.0,0.0,0.6,17.0,0.49,False,False,False,False
09_0022,"bones, raw","Day's mystus, combined species, Tengra, bivinno projati,","bones, raw Day's mystus, combined species, Tengra, bivinno projati,",Fish & Seafood,মাছ ও সামুদ্রিক খাবার,09,114.0,18.2,4.6,0.0,0.0,73.6,627.0,2.8,22.0,348.0,323.0,54.0,0.77,,,,,0.82,True,False,False,False
09_0023,"Fish (Catla, Mrigal, Rohu), dorsal","Fish (Catla, Mrigal, Rohu), dorsal","Fish (Catla, Mrigal, Rohu), dorsal",Fish & Seafood,মাছ ও সামুদ্রিক খাবার,09,,,,,,,38.0,0.9,41.0,164.0,267.0,50.0,0.27,6.0,0.0,2.1,16.0,1.0,False,False,False,True
09_0024,"with skin, raw Fish (Catla, Mrigal, Rohu), ventral",,"with skin, raw Fish (Catla, Mrigal, Rohu), ventral",Fish & Seafood,মাছ ও সামুদ্রিক খাবার,09,,,,,,,43.0,1.0,45.0,186.0,303.0,57.0,0.27,10.0,0.0,3.7,18.0,1.0,True,False,False,True
09_0025,"Kachki, bivinno projati","Kachki, bivinno projati","Kachki, bivinno projati",Fish & Seafood,মাছ ও সামুদ্রিক খাবার,09,93.0,16.1,3.2,0.0,0.0,80.4,489.0,2.4,26.0,450.0,134.0,38.0,3.1,38.0,0.0,2.4,7.0,1.0,False,False,False,False
09_0026,"Gangetic ailia, raw",Kajuli,"Gangetic ailia, raw Kajuli",Fish & Seafood,মাছ ও সামুদ্রিক খাবার,09,117.0,15.3,6.2,0.0,0.0,76.6,,,,,,,,,,,,0.76,True,False,False,False
09_0027,"Gangetic mystus, raw",Gulsha,"Gangetic mystus, raw Gulsha",Fish & Seafood,মাছ ও সামুদ্রিক খাবার,09,86.0,15.4,2.7,0.0,0.0,78.6,300.0,1.3,18.0,210.0,265.0,50.0,0.88,,,,,0.68,True,False,False,False
09_0028,"Giant river-catfish, raw",Guizza,"Giant river-catfish, raw Guizza",Fish & Seafood,মাছ ও সামুদ্রিক খাবার,09,75.0,15.9,1.3,0.0,0.0,78.1,380.0,0.7,36.0,180.0,271.0,84.0,0.23,,,,,0.77,True,False,False,False
09_0030,"Giant sea perch, without bones, raw","Vetkee, kata chara","Giant sea perch, without bones, raw Vetkee, kata chara",Fish & Seafood,মাছ ও সামুদ্রিক খাবার,09,96.0,18.6,2.5,0.0,0.0,77.2,24.0,1.0,58.0,194.0,237.0,96.0,0.16,8.0,0.0,1.5,5.0,0.5,True,False,False,False
09_0031,"Goby, Tank goby, raw",Bele,"Goby, Tank goby, raw Bele",Fish & Seafood,মাছ ও সামুদ্রিক খাবার,09,81.0,14.7,2.5,0.0,0.0,79.6,397.0,1.2,12.0,335.0,269.0,79.0,0.93,,,,,0.71,True,False,False,False
09_0032,"Gourami, Banded gourami, eyes Khailsa, kata chara,","Gourami, Banded gourami, eyes Khailsa, kata chara,","Gourami, Banded gourami, eyes Khailsa, kata chara,",Fish & Seafood,মাছ ও সামুদ্রিক খাবার,09,105.0,15.8,4.6,0.0,0.0,75.2,422.0,0.9,36.0,498.0,201.0,34.0,1.35,,,,,0.57,False,False,False,False
09_0033,"Hilsha, without bones, raw","Ilish, kata chara","Hilsha, without bones, raw Ilish, kata chara",Fish & Seafood,মাছ ও সামুদ্রিক খাবার,09,223.0,18.0,16.8,0.0,0.0,62.7,86.0,1.3,26.0,195.0,162.0,52.0,0.54,,,,,0.76,True,False,False,False
09_0034,"Indian river shad, raw",Chapila,"Indian river shad, raw Chapila",Fish & Seafood,মাছ ও সামুদ্রিক খাবার,09,106.0,15.4,4.9,0.0,0.0,76.9,,,,,,,,,,,,1.0,True,False,False,False
09_0035,"Indian threadfin, without bones, raw",,"Indian threadfin, without bones, raw",Fish & Seafood,মাছ ও সামুদ্রিক খাবার,09,,,,,,,53.0,0.5,29.0,208.0,278.0,75.0,1.35,,,,,1.0,True,False,False,True
09_0036,"Indo-pacific king mackerel, without","Indo-pacific king mackerel, without","Indo-pacific king mackerel, without",Fish & Seafood,মাছ ও সামুদ্রিক খাবার,09,,,,,,,35.0,0.8,40.0,259.0,306.0,78.0,0.78,,,,,1.0,False,False,False,True
09_0037,"Kuria labeo, without bones, raw","Gonia, kata chara","Kuria labeo, without bones, raw Gonia, kata chara",Fish & Seafood,মাছ ও সামুদ্রিক খাবার,09,109.0,17.6,4.3,0.0,0.0,76.5,30.0,0.3,42.0,175.0,203.0,60.0,0.06,,,,,0.44,True,False,False,False
09_0038,"Ayre, kata chara","Ayre, kata chara","Ayre, kata chara",Fish & Seafood,মাছ ও সামুদ্রিক খাবার,09,89.0,17.0,2.3,0.0,0.0,78.1,11.0,0.9,36.0,102.0,271.0,84.0,0.23,,,,,0.77,False,False,False,False
09_0039,"Mackerel, narrow-barred Spanish, raw",,"Mackerel, narrow-barred Spanish, raw",Fish & Seafood,মাছ ও সামুদ্রিক খাবার,09,,,,,,,92.0,2.0,48.0,161.0,285.0,145.0,0.4,,,,,1.0,True,False,False,True
09_0040,"Minnow, Finescale razorbelly, raw","Chela, Fulchela","Minnow, Finescale razorbelly, raw Chela, Fulchela",Fish & Seafood,মাছ ও সামুদ্রিক খাবার,09,95.0,15.3,3.7,0.0,0.0,77.6,,,,,,,,,,,,0.72,True,False,False,False
09_0042,"Minnow, Large scale razorbelly, raw","Chela, narkeli","Minnow, Large scale razorbelly, raw Chela, narkeli",Fish & Seafood,মাছ ও সামুদ্রিক খাবার,09,119.0,18.1,5.2,0.0,0.0,71.7,352.0,5.4,41.0,202.0,578.0,156.0,3.1,,,,,0.72,True,False,False,False
09_0043,"Mola, chokh soho","Mola, chokh soho","Mola, chokh soho",Fish & Seafood,মাছ ও সামুদ্রিক খাবার,09,108.0,17.1,4.4,0.0,0.0,77.5,,,,,,,,,,,,0.62,False,False,False,False
09_0044,"Mrigal carp, eyes included, raw","Mrigal, chokh soho","Mrigal carp, eyes included, raw Mrigal, chokh soho",Fish & Seafood,মাছ ও সামুদ্রিক খাবার,09,102.0,18.6,3.0,0.0,0.0,78.4,655.0,1.8,38.0,280.0,236.0,63.0,0.29,,,,,0.59,True,False,False,False
09_0045,"Mullet, Gold spot, raw",,"Mullet, Gold spot, raw",Fish & Seafood,মাছ ও সামুদ্রিক খাবার,09,,,,,,,1050.0,2.1,42.0,490.0,764.0,41.0,1.43,,,,,1.0,True,False,False,True
09_0046,"Mussel/Clam, mixed species, raw",Jhinuk,"Mussel/Clam, mixed species, raw Jhinuk",Fish & Seafood,মাছ ও সামুদ্রিক খাবার,09,60.0,11.6,1.5,0.0,0.0,83.3,31.0,1.3,15.0,157.0,37.0,477.0,0.4,,,,,0.32,True,False,False,False
09_0047,"Pangas, without bones, raw","Pangas, kata chara","Pangas, without bones, raw Pangas, kata chara",Fish & Seafood,মাছ ও সামুদ্রিক খাবার,09,162.0,15.9,11.0,0.0,0.0,70.8,14.0,0.1,29.0,130.0,169.0,46.0,1.85,,,,,0.44,True,False,False,False
09_0049,"Pomfret, Black, raw",,"Pomfret, Black, raw",Fish & Seafood,মাছ ও সামুদ্রিক খাবার,09,112.0,19.6,3.7,0.0,0.0,78.9,286.0,0.9,25.0,306.0,166.0,131.0,0.48,,,,,0.49,True,False,False,False
09_0050,"Pomfret, Chinese Silver, raw","Rupchanda, China sada","Pomfret, Chinese Silver, raw Rupchanda, China sada",Fish & Seafood,মাছ ও সামুদ্রিক খাবার,09,103.0,15.9,4.4,0.0,0.0,74.9,200.0,0.4,26.0,290.0,183.0,145.0,0.59,,,,,0.92,True,False,False,False
09_0052,"Pomfret, Silver, without bones, raw",,"Pomfret, Silver, without bones, raw",Fish & Seafood,মাছ ও সামুদ্রিক খাবার,09,,,,,,,13.0,0.5,25.0,170.0,190.0,151.0,0.27,,,,,1.0,True,False,False,True
09_0053,"Prawn, Birma river prawn, raw",,"Prawn, Birma river prawn, raw",Fish & Seafood,মাছ ও সামুদ্রিক খাবার,09,,,,,,,16.0,0.6,19.0,141.0,375.0,98.0,1.06,,,,,1.0,True,False,False,True
09_0054,"Prawn, Giant river prawn, raw",,"Prawn, Giant river prawn, raw",Fish & Seafood,মাছ ও সামুদ্রিক খাবার,09,,,,,,,18.0,0.7,22.0,166.0,441.0,116.0,1.25,,,,,1.0,True,False,False,True
09_0055,"Prawn, Giant tiger prawn, raw",,"Prawn, Giant tiger prawn, raw",Fish & Seafood,মাছ ও সামুদ্রিক খাবার,09,,,,,,,17.0,0.6,43.0,141.0,423.0,117.0,1.73,,,,,1.0,True,False,False,True
09_0056,"Prawn, Hairy river prawn, raw",,"Prawn, Hairy river prawn, raw",Fish & Seafood,মাছ ও সামুদ্রিক খাবার,09,,,,,,,15.0,0.5,18.0,132.0,352.0,92.0,1.0,,,,,1.0,True,False,False,True
09_0057,"Prawn, Indian white prawn, raw",,"Prawn, Indian white prawn, raw",Fish & Seafood,মাছ ও সামুদ্রিক খাবার,09,,,,,,,304.0,0.5,41.0,922.0,545.0,196.0,2.25,,,,,1.0,True,False,False,True
09_0058,"Prawn, Monsoon river prawn, raw",,"Prawn, Monsoon river prawn, raw",Fish & Seafood,মাছ ও সামুদ্রিক খাবার,09,,,,,,,15.0,0.5,18.0,133.0,355.0,93.0,1.01,,,,,1.0,True,False,False,True
09_0059,"Rohu, river, raw","Rui, nodir","Rohu, river, raw Rui, nodir",Fish & Seafood,মাছ ও সামুদ্রিক খাবার,09,90.0,16.6,2.7,0.0,0.0,76.7,650.0,1.0,12.0,175.0,288.0,101.0,1.13,,,,,0.8,True,False,False,False
09_0060,"Rohu, without bones, raw","Rui, kata chara","Rohu, without bones, raw Rui, kata chara",Fish & Seafood,মাছ ও সামুদ্রিক খাবার,09,105.0,20.6,2.6,0.0,0.0,76.3,30.0,0.4,37.0,175.0,309.0,38.0,1.13,,,,,0.44,True,False,False,False
09_0061,"Shrimp, Speckled, raw",,"Shrimp, Speckled, raw",Fish & Seafood,মাছ ও সামুদ্রিক খাবার,09,,,,,,,421.0,0.6,26.0,941.0,503.0,117.0,1.36,,,,,1.0,True,False,False,True
09_0062,"Silver carp, without bones, raw","Silver carp, kata chara","Silver carp, without bones, raw Silver carp, kata chara",Fish & Seafood,মাছ ও সামুদ্রিক খাবার,09,123.0,17.5,6.0,0.0,0.0,75.6,22.0,1.5,27.0,182.0,225.0,115.0,0.28,,,,,0.78,True,False,False,False
09_0063,"Silver needle fish, eyes included,","Silver needle fish, eyes included,","Silver needle fish, eyes included,",Fish & Seafood,মাছ ও সামুদ্রিক খাবার,09,,,,,,,210.0,0.8,25.0,470.0,243.0,55.0,0.94,,,,,1.0,False,False,False,True
09_0064,"Spotted snakehead, raw",,"Spotted snakehead, raw",Fish & Seafood,মাছ ও সামুদ্রিক খাবার,09,,,,,,,624.0,1.5,35.0,440.0,245.0,68.0,1.08,,,,,1.0,True,False,False,True
09_0065,"Stinging catfish, raw","Shing mach, kata chara","Stinging catfish, raw Shing mach, kata chara",Fish & Seafood,মাছ ও সামুদ্রিক খাবার,09,101.0,17.2,3.5,0.0,0.0,76.7,,,,,,,,,,,,0.75,True,False,False,False
09_0066,"Stone roller, raw",Tatkini,"Stone roller, raw Tatkini",Fish & Seafood,মাছ ও সামুদ্রিক খাবার,09,97.0,15.3,3.9,0.0,0.0,76.2,195.0,2.2,52.0,124.0,834.0,35.0,1.09,,,,,0.77,True,False,False,False
09_0067,"Striped snake-head, raw","Shol, kata chara","Striped snake-head, raw Shol, kata chara",Fish & Seafood,মাছ ও সামুদ্রিক খাবার,09,101.0,17.7,3.3,0.0,0.0,78.4,104.0,1.0,43.0,130.0,362.0,50.0,0.31,,,,,0.77,True,False,False,False
09_0068,"Tilapia, without bones, raw","Telapia, kata chara","Tilapia, without bones, raw Telapia, kata chara",Fish & Seafood,মাছ ও সামুদ্রিক খাবার,09,110.0,20.8,3.0,0.0,0.0,76.2,19.0,0.5,36.0,350.0,341.0,55.0,1.4,2.0,0.0,5.5,24.0,0.3,True,False,False,False
09_0069,"Tuna, without bones, raw","Tuna, kata chara","Tuna, without bones, raw Tuna, kata chara",Fish & Seafood,মাছ ও সামুদ্রিক খাবার,09,118.0,25.0,2.0,0.0,0.0,72.0,16.0,1.3,33.0,312.0,427.0,47.0,0.27,,,,,0.58,True,False,False,False
09_0070,"Walking catfish, without bones, raw","Magur, kata chara","Walking catfish, without bones, raw Magur, kata chara",Fish & Seafood,মাছ ও সামুদ্রিক খাবার,09,103.0,15.6,4.6,0.0,0.0,77.6,27.0,0.8,25.0,180.0,344.0,71.0,0.53,,,,,0.79,True,False,False,False
09_0071,Small fish fry* Kachki mach vaja,Small fish fry* Kachki mach vaja,Small fish fry* Kachki mach vaja,Fish & Seafood,মাছ ও সামুদ্রিক খাবার,09,107.0,7.4,6.1,5.3,0.9,79.3,215.0,1.3,20.0,186.0,148.0,242.0,1.6,15.0,5.3,0.9,7.0,1.0,False,True,True,False
09_0072,Fish ball* Macher kopta,Fish ball* Macher kopta,Fish ball* Macher kopta,Fish & Seafood,মাছ ও সামুদ্রিক খাবার,09,220.0,15.7,6.7,21.7,5.0,48.5,48.0,2.5,73.0,211.0,296.0,345.0,1.96,34.0,5.2,0.2,15.0,1.0,False,False,True,False
10_0001,"Beef liver, raw",Gorur koliza,"Beef liver, raw Gorur koliza",Meat & Poultry,মাংস,10,130.0,20.4,3.6,3.9,0.0,70.8,4.0,3.5,18.0,387.0,313.0,69.0,3.71,4968.0,1.3,1.2,290.0,1.0,True,False,False,False
10_0002,"Beef, meat, lean, boneless, raw",,"Beef, meat, lean, boneless, raw",Meat & Poultry,মাংস,10,103.0,20.7,2.3,0.0,0.0,76.0,4.0,2.0,15.0,190.0,395.0,52.0,3.52,0.0,0.0,0.4,7.0,1.0,True,False,False,False
10_0003,"Beef, meat, 15-20% fat, boneless, raw","Gorur mangsaw, harh chara","Beef, meat, 15-20% fat, boneless, raw Gorur mangsaw, harh chara",Meat & Poultry,মাংস,10,207.0,19.7,14.2,0.0,0.0,65.4,5.0,2.2,22.0,170.0,309.0,69.0,4.6,15.0,0.0,0.6,9.0,1.0,True,False,False,False
10_0004,"Beef, mince, lean, raw","Gorur mangsaw, kima","Beef, mince, lean, raw Gorur mangsaw, kima",Meat & Poultry,মাংস,10,126.0,20.3,5.0,0.0,0.0,75.0,9.0,2.4,22.0,198.0,346.0,66.0,5.09,0.0,0.0,0.1,5.0,1.0,True,False,False,False
10_0005,"Buffalo meat, raw",Mohisher mangsaw,"Buffalo meat, raw Mohisher mangsaw",Meat & Poultry,মাংস,10,95.0,19.4,1.9,0.0,0.0,78.7,12.0,1.6,32.0,189.0,297.0,53.0,1.93,0.0,0.0,0.1,8.0,1.0,True,False,False,False
10_0006,"Chicken breast, without skin, raw",,"Chicken breast, without skin, raw",Meat & Poultry,মাংস,10,106.0,22.3,1.8,0.0,0.0,72.9,15.0,0.5,32.0,173.0,315.0,37.0,1.7,25.0,0.0,0.1,7.0,0.76,True,False,False,False
10_0007,"Chicken leg, without skin, raw",,"Chicken leg, without skin, raw",Meat & Poultry,মাংস,10,128.0,19.2,5.7,0.0,0.0,71.9,18.0,1.0,29.0,180.0,299.0,55.0,2.09,23.0,0.0,0.1,4.0,0.72,True,False,False,False
10_0008,"Chicken liver, raw",Murgir koliza,"Chicken liver, raw Murgir koliza",Meat & Poultry,মাংস,10,114.0,16.9,4.8,0.7,0.0,76.5,18.0,9.0,19.0,297.0,230.0,71.0,2.5,3296.0,17.9,0.0,588.0,1.0,True,False,False,False
10_0009,"Duck, meat, raw",Hasher mangshaw,"Duck, meat, raw Hasher mangshaw",Meat & Poultry,মাংস,10,130.0,21.6,4.8,0.0,0.0,72.3,4.0,2.4,19.0,235.0,271.0,74.0,1.9,24.0,0.0,0.1,25.0,0.84,True,False,False,False
10_0010,"Frog, legs, raw",,"Frog, legs, raw",Meat & Poultry,মাংস,10,,,,,,,18.0,1.5,20.0,147.0,285.0,58.0,1.37,15.0,0.0,0.2,15.0,1.0,True,False,False,True
10_0011,"Goat meat, lean, raw",Khaseer mangsaw,"Goat meat, lean, raw Khaseer mangsaw",Meat & Poultry,মাংস,10,118.0,21.4,3.6,0.0,0.0,74.2,12.0,2.8,27.0,193.0,385.0,82.0,4.0,,,,,0.69,True,False,False,False
10_0012,"Lamb/mutton, meat, moderately fat, raw",Verar mangsaw,"Lamb/mutton, meat, moderately fat, raw Verar mangsaw",Meat & Poultry,মাংস,10,196.0,18.5,13.5,0.0,0.0,71.5,13.0,2.2,19.0,150.0,136.0,41.0,3.92,9.0,0.0,0.2,6.0,0.75,True,False,False,False
10_0013,"Lamb/Mutton, liver, raw",Verar koliza,"Lamb/Mutton, liver, raw Verar koliza",Meat & Poultry,মাংস,10,150.0,19.3,7.5,1.3,0.0,70.4,10.0,6.3,19.0,380.0,290.0,73.0,4.0,8250.0,20.0,2.0,205.0,1.0,True,False,False,False
10_0014,"Pigeon meat, raw",,"Pigeon meat, raw",Meat & Poultry,মাংস,10,,,,,,,12.0,2.5,30.0,290.0,283.0,60.0,2.94,,,,,1.0,True,False,False,True
10_0015,"Pork, meat, <5 % fat, raw",Shukorer mangsaw,"Pork, meat, <5 % fat, raw Shukorer mangsaw",Meat & Poultry,মাংস,10,114.0,18.7,4.4,0.0,0.0,77.4,30.0,2.2,18.0,200.0,261.0,60.0,2.57,0.0,0.0,0.04,1.0,1.0,True,False,False,False
10_0016,Beef handi kabab* Haaree kabab (goru),Beef handi kabab* Haaree kabab (goru),Beef handi kabab* Haaree kabab (goru),Meat & Poultry,মাংস,10,233.0,12.7,16.9,6.6,1.8,60.4,25.0,2.0,25.0,88.0,220.0,345.0,3.02,12.0,2.2,0.3,10.0,1.0,False,False,True,False
11_0001,"Egg, chicken, farmed, raw","Murgir dim, farm er","Egg, chicken, farmed, raw Murgir dim, farm er",Eggs,ডিম,11,139.0,14.5,9.0,0.0,0.0,72.3,29.0,1.5,21.0,220.0,110.0,116.0,2.36,165.0,0.0,1.9,50.0,0.87,True,False,False,False
11_0002,"Egg, chicken, native, raw","Murgir dim, deshi","Egg, chicken, native, raw Murgir dim, deshi",Eggs,ডিম,11,158.0,13.3,11.6,0.0,0.0,76.1,60.0,1.7,11.0,220.0,97.0,135.0,2.03,213.0,0.0,2.4,50.0,0.87,True,False,False,False
11_0003,"Egg, chicken, native, yolk, raw",,"Egg, chicken, native, yolk, raw",Eggs,ডিম,11,325.0,16.0,27.8,2.6,0.0,51.9,120.0,4.8,11.0,477.0,113.0,48.0,3.33,496.0,0.0,5.4,109.0,1.0,True,False,False,False
11_0004,"Egg, duck, whole, raw",Hasher dim,"Egg, duck, whole, raw Hasher dim",Eggs,ডিম,11,188.0,13.5,14.3,1.4,0.0,69.7,65.0,2.4,11.0,220.0,222.0,134.0,1.41,362.0,0.0,1.8,80.0,0.89,True,False,False,False
11_0005,"Egg, chicken, farmed, boiled* (without Murgir dim siddha, lobon",,"Egg, chicken, farmed, boiled* (without Murgir dim siddha, lobon",Eggs,ডিম,11,158.0,16.5,10.2,0.0,0.0,68.5,35.0,1.8,24.0,238.0,120.0,128.0,2.54,178.0,0.0,2.0,45.0,0.87,False,True,True,False
11_0006,"Egg, chicken, native, boiled* (without Deshi murgir dim siddha,",,"Egg, chicken, native, boiled* (without Deshi murgir dim siddha,",Eggs,ডিম,11,179.0,15.1,13.2,0.0,0.0,72.9,68.0,1.9,13.0,238.0,105.0,148.0,2.19,229.0,0.0,2.6,45.0,0.87,False,True,True,False
11_0007,"Egg, duck, whole, boiled* (without salt)",,"Egg, duck, whole, boiled* (without salt)",Eggs,ডিম,11,214.0,15.3,16.2,1.6,0.0,65.6,73.0,2.7,13.0,238.0,240.0,147.0,1.52,391.0,0.0,1.9,73.0,0.89,False,True,True,False
12_0001,"Buttermilk, fluid, low fat Ghol","Buttermilk, fluid, low fat Ghol","Buttermilk, fluid, low fat Ghol",Milk & Dairy,দুধ ও দুগ্ধজাত,12,33.0,3.4,0.7,3.1,0.0,92.2,103.0,0.0,12.0,92.0,152.0,68.0,0.41,8.0,0.7,0.0,6.0,1.0,False,False,False,False
12_0002,"Cheese, cottage, 25% fat Poneer","Cheese, cottage, 25% fat Poneer","Cheese, cottage, 25% fat Poneer",Milk & Dairy,দুধ ও দুগ্ধজাত,12,346.0,24.6,25.1,5.4,0.0,40.3,790.0,0.3,22.0,414.0,83.0,509.0,3.55,25.0,0.0,182.0,40.0,1.0,False,False,False,False
12_0003,"Curd, sweetened, whole milk Doi, misti","Curd, sweetened, whole milk Doi, misti","Curd, sweetened, whole milk Doi, misti",Milk & Dairy,দুধ ও দুগ্ধজাত,12,94.0,3.2,4.0,11.4,0.0,80.6,103.0,0.1,13.0,90.0,131.0,51.0,0.45,32.0,1.0,0.0,9.0,1.0,False,False,False,False
12_0004,"Milk, buffalo, whole fat Mohiser dudh","Milk, buffalo, whole fat Mohiser dudh","Milk, buffalo, whole fat Mohiser dudh",Milk & Dairy,দুধ ও দুগ্ধজাত,12,101.0,3.8,7.5,4.7,0.0,83.3,206.0,0.2,18.0,246.0,178.0,52.0,0.22,,,,,1.0,False,False,False,False
12_0005,"Milk, cow, powder, skimmed","Milk, cow, powder, skimmed","Milk, cow, powder, skimmed",Milk & Dairy,দুধ ও দুগ্ধজাত,12,358.0,37.6,1.0,49.8,0.0,3.8,1370.0,1.1,110.0,956.0,1600.0,435.0,4.7,0.0,5.0,0.0,21.0,1.0,False,False,False,False
12_0006,"Milk, cow, powder, whole","Milk, cow, powder, whole","Milk, cow, powder, whole",Milk & Dairy,দুধ ও দুগ্ধজাত,12,497.0,26.6,26.7,37.5,0.0,3.2,959.0,0.7,92.0,758.0,1180.0,365.0,3.71,238.0,10.7,0.0,38.0,1.0,False,False,False,False
12_0007,"Milk, cow, skimmed","Milk, cow, skimmed","Milk, cow, skimmed",Milk & Dairy,দুধ ও দুগ্ধজাত,12,30.0,3.1,0.1,4.1,0.0,92.1,103.0,0.1,13.0,90.0,131.0,51.0,0.45,0.0,1.0,0.0,9.0,1.0,False,False,False,False
12_0008,"Milk, cow, whole fat (pasteurized, UTH)","Milk, cow, whole fat (pasteurized, UTH)","Milk, cow, whole fat (pasteurized, UTH)",Milk & Dairy,দুধ ও দুগ্ধজাত,12,63.0,3.1,3.7,4.3,0.0,88.3,103.0,0.1,13.0,90.0,131.0,51.0,0.45,32.0,2.0,0.0,9.0,1.0,False,False,False,False
12_0009,"soho Milk, cow, whole, condensed, Kondense milk, Goru, chini","soho Milk, cow, whole, condensed, Kondense milk, Goru, chini","soho Milk, cow, whole, condensed, Kondense milk, Goru, chini",Milk & Dairy,দুধ ও দুগ্ধজাত,12,334.0,8.2,9.4,54.0,0.0,26.5,287.0,0.2,28.0,247.0,366.0,134.0,0.97,95.0,3.3,0.2,13.0,1.0,False,False,False,False
12_0010,"Milk, goat, combined breeds Chagoler dudh","Milk, goat, combined breeds Chagoler dudh","Milk, goat, combined breeds Chagoler dudh",Milk & Dairy,দুধ ও দুগ্ধজাত,12,68.0,3.5,4.1,4.3,0.0,87.2,152.0,0.2,14.0,111.0,204.0,50.0,0.3,32.0,1.2,0.06,1.0,1.0,False,False,False,False
12_0011,"Milk, human, colostrum, raw",Shaldudh,"Milk, human, colostrum, raw Shaldudh",Milk & Dairy,দুধ ও দুগ্ধজাত,12,58.0,2.0,2.6,6.6,0.0,88.2,28.0,0.1,3.0,14.0,70.0,47.0,0.6,166.0,7.0,0.0,2.0,1.0,True,False,False,False
12_0012,"Milk, human, mature, raw",Mayer dudh,"Milk, human, mature, raw Mayer dudh",Milk & Dairy,দুধ ও দুগ্ধজাত,12,69.0,1.2,4.0,7.2,0.0,87.4,32.0,0.1,3.0,15.0,56.0,16.0,0.26,56.0,4.3,0.1,5.0,1.0,True,False,False,False
12_0013,Payesh* Payesh,Payesh* Payesh,Payesh* Payesh,Milk & Dairy,দুধ ও দুগ্ধজাত,12,205.0,4.3,4.7,36.2,0.2,53.8,132.0,0.2,31.0,120.0,169.0,65.0,0.65,39.0,1.7,0.0,7.0,1.0,False,False,True,False
13_0001,"Butter, salted Makhon, nonta","Butter, salted Makhon, nonta","Butter, salted Makhon, nonta",Fats & Oils,তেল ও চর্বি,13,733.0,0.9,81.0,0.2,0.0,15.9,24.0,0.0,2.0,24.0,24.0,714.0,0.09,633.0,0.0,1.5,3.0,1.0,False,False,False,False
13_0002,Cottonseed oil Tular bij er tel,Cottonseed oil Tular bij er tel,Cottonseed oil Tular bij er tel,Fats & Oils,তেল ও চর্বি,13,900.0,0.0,100.0,0.0,0.0,0.0,0.0,0.0,0.0,0.0,0.0,0.0,0.0,0.0,0.0,0.0,0.0,1.0,False,False,False,False
13_0003,"Fish oil, cod liver Kod liver tel","Fish oil, cod liver Kod liver tel","Fish oil, cod liver Kod liver tel",Fats & Oils,তেল ও চর্বি,13,900.0,0.0,100.0,0.0,0.0,0.0,1.0,0.1,0.0,0.0,0.0,0.0,0.06,2500.0,0.0,250.0,0.0,1.0,False,False,False,False
13_0004,"Ghee, cow Ghee, gorur","Ghee, cow Ghee, gorur","Ghee, cow Ghee, gorur",Fats & Oils,তেল ও চর্বি,13,898.0,0.0,99.8,0.0,0.0,0.1,1.0,0.2,0.0,0.0,1.0,2.0,0.01,,,,,1.0,False,False,False,False
13_0005,"Ghee, vegetable Dalda/Bonoshpati","Ghee, vegetable Dalda/Bonoshpati","Ghee, vegetable Dalda/Bonoshpati",Fats & Oils,তেল ও চর্বি,13,900.0,0.0,100.0,0.0,0.0,0.0,2.0,0.2,0.0,0.0,1.0,1.0,0.04,,,,,1.0,False,False,False,False
13_0006,Margarine Margarine,Margarine Margarine,Margarine Margarine,Fats & Oils,তেল ও চর্বি,13,750.0,0.3,83.3,0.0,0.0,16.0,10.0,0.1,2.0,10.0,52.0,504.0,0.05,810.0,0.0,0.0,2.0,1.0,False,False,False,False
13_0007,"Mayonnaise, salted Mayonnaise, nonta","Mayonnaise, salted Mayonnaise, nonta","Mayonnaise, salted Mayonnaise, nonta",Fats & Oils,তেল ও চর্বি,13,732.0,1.5,80.6,0.0,0.0,16.4,8.0,0.3,4.0,43.0,25.0,488.0,0.25,,,,,1.0,False,False,False,False
13_0008,Mustard oil Sorishar tel,Mustard oil Sorishar tel,Mustard oil Sorishar tel,Fats & Oils,তেল ও চর্বি,13,900.0,0.0,100.0,0.0,0.0,0.0,0.0,0.0,0.0,0.0,0.0,0.0,0.0,,,,,1.0,False,False,False,False
13_0009,Palm oil Palm tel,Palm oil Palm tel,Palm oil Palm tel,Fats & Oils,তেল ও চর্বি,13,900.0,0.0,100.0,0.0,0.0,0.0,0.0,0.0,0.0,0.0,0.0,0.0,0.0,0.0,0.0,0.0,0.0,1.0,False,False,False,False
13_0010,Peanut oil China badam er tel,Peanut oil China badam er tel,Peanut oil China badam er tel,Fats & Oils,তেল ও চর্বি,13,900.0,0.0,100.0,0.0,0.0,0.0,,,,,,,,0.0,0.0,0.0,0.0,1.0,False,False,False,False
13_0011,Sesame oil Tiler tel,Sesame oil Tiler tel,Sesame oil Tiler tel,Fats & Oils,তেল ও চর্বি,13,900.0,0.0,100.0,0.0,0.0,0.0,0.0,0.0,0.0,0.0,0.0,0.0,0.0,0.0,0.0,0.0,0.0,1.0,False,False,False,False
13_0012,Soybean oil Soybean tel,Soybean oil Soybean tel,Soybean oil Soybean tel,Fats & Oils,তেল ও চর্বি,13,900.0,0.0,100.0,0.0,0.0,0.0,0.0,0.1,0.0,0.0,0.0,0.0,0.01,0.0,0.0,0.0,0.0,1.0,False,False,False,False
14_0001,Coconut water Daber pani,Coconut water Daber pani,Coconut water Daber pani,Beverages,পানীয়,14,20.0,0.6,0.3,3.2,1.1,94.5,20.0,0.2,25.0,18.0,260.0,96.0,0.1,0.0,3.3,0.0,3.0,1.0,False,False,False,False
14_0002,"Coffee, dudh o chini soho","Coffee, dudh o chini soho","Coffee, dudh o chini soho",Beverages,পানীয়,14,38.0,0.9,0.8,6.8,0.0,91.3,33.0,0.2,7.0,25.0,65.0,14.0,0.12,7.0,0.3,0.0,1.0,1.0,False,False,False,False
14_0003,"Coffee, powder Coffee","Coffee, powder Coffee","Coffee, powder Coffee",Beverages,পানীয়,14,355.0,12.2,0.5,75.4,0.0,3.1,141.0,4.4,327.0,303.0,3540.0,37.0,0.35,0.0,0.0,0.0,0.0,1.0,False,False,False,False
14_0004,"Soft drinks, carbonated Komol paniyo","Soft drinks, carbonated Komol paniyo","Soft drinks, carbonated Komol paniyo",Beverages,পানীয়,14,41.0,0.0,0.0,10.3,0.0,89.6,6.0,0.3,0.0,11.0,1.0,4.0,0.02,0.0,0.0,0.0,0.0,1.0,False,False,False,False
14_0005,Soya milk (not sweetened) Soybean dudh,Soya milk (not sweetened) Soybean dudh,Soya milk (not sweetened) Soybean dudh,Beverages,পানীয়,14,54.0,2.8,2.4,4.9,0.5,87.8,13.0,0.43,15.0,48.0,74.0,32.0,0.3,0.0,0.0,0.0,9.0,1.0,False,False,False,False
14_0006,Sugar cane Juice Akher ross,Sugar cane Juice Akher ross,Sugar cane Juice Akher ross,Beverages,পানীয়,14,33.0,0.7,0.0,7.5,0.0,91.7,8.0,1.1,10.0,6.0,25.0,7.0,0.01,,,,,1.0,False,False,False,False
14_0007,Dudh cha,Dudh cha,Dudh cha,Beverages,পানীয়,14,41.0,0.73,0.8,7.6,0.2,90.4,28.0,0.4,5.0,23.0,48.0,14.0,0.11,,,,,1.0,False,False,False,False
14_0008,"Tea, infusion (with sugar) Likar cha","Tea, infusion (with sugar) Likar cha","Tea, infusion (with sugar) Likar cha",Beverages,পানীয়,14,29.0,0.21,0.0,7.1,0.1,92.4,5.0,0.1,4.0,3.0,64.0,3.0,0.03,,,,,1.0,False,False,False,False
14_0009,"Tea, powder Cha pata","Tea, powder Cha pata","Tea, powder Cha pata",Beverages,পানীয়,14,296.0,20.2,0.0,49.5,8.5,5.7,118.0,2.3,272.0,239.0,6040.0,72.0,1.69,0.0,0.0,0.0,103.0,1.0,False,False,False,False
14_0010,"Water, drinking Khabar pani","Water, drinking Khabar pani","Water, drinking Khabar pani",Beverages,পানীয়,14,0.0,0.0,0.0,0.0,0.0,100.0,3.0,0.1,2.0,0.0,0.0,3.0,0.002,0.0,0.0,0.0,0.0,1.0,False,False,False,False
15_0001,Baking powder,Baking powder,Baking powder,Miscellaneous,বিবিধ,15,,,,,,,11300.0,0.0,9.0,8430.0,49.0,11800.0,0.0,0.0,0.0,0.0,0.0,1.0,False,False,False,True
15_0002,"Betel leaves, raw",Pan pata,"Betel leaves, raw Pan pata",Miscellaneous,বিবিধ,15,42.0,3.1,0.4,4.1,4.7,85.4,230.0,7.0,82.0,60.0,684.0,3.0,1.0,,,,,1.0,True,False,False,False
15_0003,Honey Modhu,Honey Modhu,Honey Modhu,Miscellaneous,বিবিধ,15,326.0,0.3,0.0,81.1,0.2,18.2,5.0,0.5,2.0,9.0,51.0,9.0,0.49,0.0,1.4,0.0,1.0,1.0,False,False,False,False
15_0004,"Jaggery, sugarcane, solid Gur, Akh","Jaggery, sugarcane, solid Gur, Akh","Jaggery, sugarcane, solid Gur, Akh",Miscellaneous,বিবিধ,15,385.0,0.5,0.1,95.4,0.0,3.4,92.0,1.6,120.0,72.0,290.0,79.0,0.1,,,,,1.0,False,False,False,False
15_0005,"Jaggery/Panela, date palm Gur, Khejur","Jaggery/Panela, date palm Gur, Khejur","Jaggery/Panela, date palm Gur, Khejur",Miscellaneous,বিবিধ,15,352.0,1.5,0.3,85.7,0.3,9.6,,,,,,,,,,,,1.0,False,False,False,False
15_0006,"Jagggery liquid, date palm Nolen gur","Jagggery liquid, date palm Nolen gur","Jagggery liquid, date palm Nolen gur",Miscellaneous,বিবিধ,15,86.0,0.3,0.1,20.9,0.1,78.3,,,,,,,,,,,,1.0,False,False,False,False
15_0007,Salt,Salt,Salt,Miscellaneous,বিবিধ,15,,,,,,,0.0,0.0,0.0,0.0,0.0,39340.0,0.0,0.0,0.0,0.0,0.0,1.0,False,False,False,True
15_0008,"Sugar, white Chini, sada","Sugar, white Chini, sada","Sugar, white Chini, sada",Miscellaneous,বিবিধ,15,398.0,0.0,0.0,99.5,0.0,0.4,12.0,0.2,2.0,1.0,5.0,5.0,0.1,0.0,0.0,0.0,0.0,1.0,False,False,False,False
